COGID	FORM	CONCEPT	LANGUAGE_NAME
1	käläb	dog	Hebrew
1	kalb-	dog	Arabic
2	kōl	all, the whole	Hebrew
2	kōl	 everyone	Hebrew
2	kull-	all, anyone	Arabic
4	nšk	to bite	Hebrew
4	nkṯ	to undo, to untwist	Arabic
4	nkṯ	 to dissolve, to break a covenant	Arabic
5	dām	blood	Hebrew
5	dam­-	blood	Arabic
10	ṣippōrän	nail	Hebrew
10	ḏ̣ifr-	nail	Arabic
11	rwy	to drink one's fill, be refreshed	Hebrew
11	rwy	to drink one's fill	Arabic
11	rwy	 satisfy one's thirst	Arabic
14	ˀōzän	ear	Hebrew
14	ˀuḏn-	ear	Arabic
15	ˀkl	to eat	Hebrew
15	ˀkl	to eat	Arabic
16	blˁ	to swallow	Hebrew
16	blˁ	to swallow	Arabic
19	ˁayin	eye, appearance, look	Hebrew
19	ˁayin	 spring	Hebrew
19	ˁayn-	eye	Arabic
21	ŝēˁār	hairiness, body hair, hairy covering	Hebrew
21	šaˁr-	hair	Arabic
24	rō(ˀ)š	head	Hebrew
24	rō(ˀ)š	 person	Hebrew
24	rō(ˀ)š	 beginning	Hebrew
24	rō(ˀ)š	 leader, chief	Hebrew
24	raˀs­-	head	Arabic
25	ḳodḳōd	skull	Hebrew
25	maqadd-, muqadd­-	part of the back of the neck that is between the ears	Arabic
27	lēb	heart	Hebrew
27	lēb	 one's inner self	Hebrew
27	lēb	 inclination, disposition, will, intention	Hebrew
27	lēb	 reason	Hebrew
27	lubb-	what is in the inside	Arabic
27	lubb-	 understanding, intelligence, mind	Arabic
29	ḳärän	horn	Hebrew
29	qarn-	horn	Arabic
30	ˀănī	I	Hebrew
30	ˀānōkī	I	Hebrew
30	ˀana	I	Arabic
31	bäräk	knee	Hebrew
31	bārikat-­	to kneel	Arabic
33	kābēd	liver	Hebrew
33	kabid-	middle, interior	Arabic
34	mēˁayim	entrails, intestines	Hebrew
34	maˁy-, maˁan	intestines	Arabic
35	pǟ	mouth	Hebrew
35	pǟ	 opening	Hebrew
35	fam-	mouth	Arabic
36	ḥōaḥ	hole, crevice	Hebrew
36	ḫawḫat-	an aperture in a wall, a passage between any two houses	Arabic
37	šēm	name	Hebrew
37	ˀism-	name	Arabic
38	ḥādāš	new	Hebrew
38	ḥadīṯ-	new	Arabic
39	gdd	to make incisions upon oneself	Hebrew
39	ǯdd	to cut, to cut off	Arabic
40	gad	fortune	Hebrew
40	ǯadd-	fortune	Arabic
40	ǯdd	to be fortunate	Arabic
40	ǯwd	to be good, approvable, excellent	Arabic
42	layil	night	Hebrew
42	layl-, laylat-	night	Arabic
44	ˁäṣäm	bone	Hebrew
44	ˁaḏ̣m-	bone	Arabic
45	gäräm	bone	Hebrew
45	ǯirm-	body	Arabic
45	ǯarām-	datestone	Arabic
46	ˀäräṣ	earth	Hebrew
46	ˀarḍ-	earth, land	Arabic
48	ˁāpār	soil	Hebrew
48	ˁafar-	soil	Arabic
51	ˀäḥād	one	Hebrew
51	ˀaḥad-	one	Arabic
53	zäraˁ	seed	Hebrew
53	zäraˁ	 offspring, descendants	Hebrew
53	ḏrˀ	to sow	Arabic
53	zrˁ	to sow, to cast seed	Arabic
54	bzr	to scatter	Hebrew
54	bḏr	to sow, to scatter	Arabic
54	baḏr-	seed	Arabic
56	kōkāb	star	Hebrew
56	kawkab-	star	Arabic
57	šämäš	sun	Hebrew
57	šams-	sun	Arabic
58	zānāb	tail	Hebrew
58	ḏanab­-	tail	Arabic
59	hallāzǟ	that (man) there	Hebrew
59	zǟ	this	Hebrew
59	ˀallaḏī	who, which (relative pronoun, masc. sg.)	Arabic
59	ḏāka	that	Arabic
59	ḏālika	that	Arabic
59	ḏānika	that	Arabic
59	hāḏā	this (masc.)	Arabic
59	hāḏī	this (fem.)	Arabic
61	ˀattā	you (masc. sing.)	Hebrew
61	ˀanta	thou (masc.)	Arabic
62	lāšōn	tongue, language	Hebrew
62	lisān-	tongue	Arabic
64	šēn	tooth	Hebrew
64	sinn-	tooth	Arabic
67	šənayim	two	Hebrew
67	ˀiṯnāⁿ	two	Arabic
69	kilˀayim	both	Hebrew
69	kilā	both	Arabic
71	mayim	water	Hebrew
71	māˀ-, māh-	water	Arabic
72	ˀănaḥnū	we	Hebrew
72	ˀiḥnā	we	Arabic
72	naḥnu	we	Arabic
82	*kārēŝ	belly	Hebrew
82	kariš-, kirš-	ventricle, stomach, belly, uterus	Arabic
82	kariš-, kirš-	 stomach (of animals, esp. ruminant)	Arabic
83	ḳar	cold, cool	Hebrew
83	qrr	to be cold	Arabic
86	nēr	light	Hebrew
86	nār-	fire	Arabic
86	nwr	to be bright, to shine	Arabic
87	yārōḳ	green, greenery	Hebrew
87	yəraḳraḳ	greenish, palegreen	Hebrew
87	ˀawraq-	ashcolored	Arabic
87	waraq-	leaf	Arabic
87	warq-, wariq-	silver coins	Arabic
95	ŝahărōnīm	little moons (as amulets or jewelry)	Hebrew
95	šahr-	the new moon, when it appears	Arabic
96	ˀap	nose	Hebrew
96	ˀanf-	nose	Arabic
98	šōräš	root	Hebrew
98	šarḫ-	origin, source, root	Arabic
98	širs-	small thorny trees	Arabic
98	šaras-	small thorny tree	Arabic
98	širš-	root	Arabic
100	ˁēṣ	tree	Hebrew
100	ˁiḍḍ-	small thorny trees	Arabic
101	ˀiššā	woman	Hebrew
101	ˀunṯā	female, feminine	Arabic
106	ṣippōr	(coll.) bird, winged creature	Hebrew
106	ṣippōr	 (sg.) individual bird	Hebrew
106	ˁuṣfūr-	sparrow	Arabic
106	ṣāfir-	bird (other than bird of prey)	Arabic
107	ṭayir	divination from birds, augury	Hebrew
107	ṭayr-	bird	Arabic
108	ˀäprōaḥ	chick	Hebrew
108	pirḥaḥ	brood	Hebrew
108	farḫ-	chick	Arabic
109	bēṣā	egg	Hebrew
109	bayḍat-	egg	Arabic
114	bāŝār	skin	Hebrew
114	bāŝār	 flesh, meat	Hebrew
114	bāŝār	 body	Hebrew
114	bašar-	epidermis	Arabic
114	bašar-	 mankind	Arabic
115	māṭār	rain	Hebrew
115	maṭar-	rain	Arabic
116	ṭōb	good	Hebrew
116	ṭōb	 merry	Hebrew
116	ṭōb	 pleasant	Hebrew
116	ṭōb	 in order, usable	Hebrew
116	ṭayyib-	pleasant, delightful, delicious, sweet	Arabic
119	yābēš	dry	Hebrew
119	yābis-	dry, dried up	Arabic
120	rägäl	foot, leg	Hebrew
120	riǯl-	leg	Arabic
121	mā	what	Hebrew
121	mā	what	Arabic
122	ḥāzǟ	breast	Hebrew
122	ḥiḏāˀa, ḥiḏwata	in front of	Arabic
123	ˁānān	clouds	Hebrew
123	ˁanān-	clouds	Arabic
125	ˀārōk	long, extending	Hebrew
125	ˀārōk	 longlasting	Hebrew
125	ˀrk	to keep in a place, to remain, to continue	Arabic
126	ṣawwā(ˀ)r	neck	Hebrew
126	ṣawr-	side of the neck	Arabic
126	ṣawr-	 bank of a river	Arabic
127	ḥōl	sand	Hebrew
127	ḥāl-	black fetid mud	Arabic
127	ḥāl-	 soft earth	Arabic
127	ḥāl-	 hot ashes	Arabic
128	rwm	to be high	Hebrew
128	rym	to be distant, remote, far off	Arabic
128	raym-	excess, redundance, superiority	Arabic
128	raym-	 small mountains	Arabic
129	ˁāgōl	round	Hebrew
129	ˁāgīl	earring	Hebrew
129	ˁǯl	to be quick, hasty	Arabic
129	ǯuˁal-	a black insect that rolls along a little ball of dung	Arabic
130	ˀmr	to say	Hebrew
130	ˀmr	 to think	Hebrew
130	ˀmr	 to intend	Hebrew
130	ˀmr	 to give orders	Hebrew
130	ˀmr	to order, to command	Arabic
131	yšb	to sit down, to sit	Hebrew
131	yšb	 to dwell	Hebrew
131	wṯb	to jump	Arabic
133	hlk	to go, walk	Hebrew
133	hlk	to perish, to become in a bad state	Arabic
133	hlk	 to die	Arabic
134	yōm	day	Hebrew
134	yawm	day	Arabic
136	lābī(ˀ)	lioness	Hebrew
136	lubaˀat-, labuˀat-	lioness	Arabic
137	dmy	to be like, resemble	Hebrew
137	dumyat-	image, effigy	Arabic
140	gab	back	Hebrew
140	gab	body, esp. back	Hebrew
140	ǯanb-	side, half	Arabic
145	ṣalmāwät	gloom	Hebrew
145	ḏ̣lm	to become dark	Arabic
146	ḳäṣäp	splinter	Hebrew
146	ḳəṣāpā	damage fromb breaking off twigs of branches	Hebrew
146	qaṣf-	ˀalkasr (broken part	Arabic
146	qaṣf-	 breaking)	Arabic
149	läḥäm	bread	Hebrew
149	laḥm-	meat	Arabic
150	šämän	vegetable oil	Hebrew
150	šämän	 fat	Hebrew
150	samn-	(clarified) butter	Arabic
151	nˁm	to be pleasant, delightful	Hebrew
151	nˁm	to become plentiful and easy	Arabic
151	nˁm	 to be good, pleasant	Arabic
152	nḳb	to bore through	Hebrew
152	nqb	to pierce, to bore	Arabic
158	ˁōp	bird	Hebrew
158	ˁawf-	cock	Arabic
159	rēˀā	lung	Hebrew
159	riˀat-	lungs	Arabic
165	šaˁar	gate, gatehouse	Hebrew
165	ṯaγr-	gap, opening, breach	Arabic
165	ṯaγr-	 a frontierway of access to a country	Arabic
165	ṯaγr-	 the part of a country from which the invasion of the enemy is feared	Arabic
170	yām	lake, sea	Hebrew
170	yamm-	tihāmat (sea)	Arabic
171	təhōm	primaeval ocean, primaeval flood	Hebrew
171	təhōm	 flood, deluge	Hebrew
171	tihāmat-	a certain land ... extending to the sea (Tihámeh)	Arabic
179	paˁam	foot	Hebrew
179	fˁm	to be full (of forearm, vessel)	Arabic
179	fˁm	 to be fullformed, thick (of  woman)	Arabic
186	ˀäläp	thousand	Hebrew
186	ˀalf-	thousand	Arabic
187	ˀmn	(nip.) to be reliable, faithful	Hebrew
187	ˀmn	 (hip.) to have trust, to believe	Hebrew
187	ˀmn	to be safe, secure	Arabic
188	ˁbd	to work, to toil	Hebrew
188	ˁbd	to serve, worship, adore	Arabic
189	pəˁullā	wages, reward	Hebrew
189	fˁl	to do	Arabic
189	fˁl	 to make	Arabic
191	ˁḳr	to root up	Hebrew
191	ˁēḳär	descendant	Hebrew
191	ˁaqqār-	what is used medically (plants and their roots)	Arabic
192	wārīd	the large blood vessel, jugular vein	Hebrew
192	warīd-	veine	Arabic
192	warīd-	 veine jugulaire (de chaque côté du cou) (vein	Arabic
192	warīd-	 jugular vein (on either side of the neck)	Arabic
194	ˀzl	to disappear	Hebrew
194	ˀzl	 to cease to exist	Hebrew
194	zll	to slip	Arabic
194	zll	 to move away	Arabic
194	zlzl	to put in the state of agitation	Arabic
194	zwl	to go away	Arabic
194	zwl	 to depart	Arabic
194	zwl	 to pass away	Arabic
194	zwl	 to shift	Arabic
195	ˁll	to insert	Hebrew
195	γll	to enter	Arabic
195	γll	 to cause to enter	Arabic
197	gäbär	young, strong man	Hebrew
197	ǯabr-	king	Arabic
197	ǯabr-	 slave	Arabic
197	ǯabr-	 servant	Arabic
197	ǯabr-	 man	Arabic
197	ǯabr-	 young man	Arabic
198	ˀīš	man	Hebrew
198	ˀins-	mankind	Arabic
198	ˀinsān-	man	Arabic
199	gaw, gēw	back	Hebrew
199	gəwiyyā	body, corpse	Hebrew
199	ǯuˀǯuˀ-	breast	Arabic
199	ǯaww-	inside	Arabic
199	ǯaww-	 interior	Arabic
199	ǯwy	to have a breast disease	Arabic
204	ḳṭr	to make a sacrifice, to go up in smoke	Hebrew
204	qtr	to exhale a scent	Arabic
204	qtr	 to smoke	Arabic
204	quṭr-	aloewood with which one fumigates	Arabic
206	ḥzy	to see, behold	Hebrew
206	ḥzw	to divine from the flight of birds	Arabic
216	ˀŏnī	ships, fleet	Hebrew
216	ˀināˀ-	vessel	Arabic
216	mīnāˀ-	port	Arabic
238	ḥōmā	(city) wall	Hebrew
238	ḥāmiyat-	mass of stones with which a well is cased	Arabic
238	ḥāmiyat-	 all the stones of the casing of a well, matching one another	Arabic
238	ḥāmiyeh	Hofraum (courtyard)	Arabic
245	nṭy	to spread out, to bow down low, to stretch out	Hebrew
245	nṭw	to stretch out (a rope)	Arabic
251	mll	to speak	Hebrew
251	mll, mlw	qālahu wakutiba (to dictate)	Arabic
255	taḥat	below, underneath	Hebrew
255	taḥat	 what is located undemeath	Hebrew
255	taḥta	beneath, below, under	Arabic
261	ṣäˀäˇṣāˀīm	offspring, descendant	Hebrew
261	ḍiˀḍiˀ-	origin, root, stock	Arabic
261	ḍiˀḍiˀ-	 abundance of offspring	Arabic
263	räḥäm	womb	Hebrew
263	raḥim-, raḥimat-	womb	Arabic
266	rḥm	(qal, pi.) to love, to meet someone with love, to take pity on someone	Hebrew
266	raḥămīm	a feeling of love, loving sensation, mercy	Hebrew
266	rḥm	to have mercy, pity, compassion	Arabic
268	ˁly	to ascend, go up	Hebrew
268	ˁly	to be, become high	Arabic
281	räbäd	mosaic pavement	Hebrew
281	rabīd-	dates laid one upon another in an earthen pot	Arabic
287	ṣmḳ	to dry up, wither	Hebrew
287	ṣāmiq-	hungry and thirsty	Arabic
290	ˀḥr	to be behind	Hebrew
290	ˀḥr	 pi  to delay, to detain	Hebrew
290	ˀaḥēr	another	Hebrew
290	ˀaḥēr	 later, following	Hebrew
290	ˀḫr	to delay, postpone	Arabic
290	ˀḫr	 to make smb retreat	Arabic
290	ˀḫr	 to be late	Arabic
290	ˀḫr	 go back	Arabic
295	ˁäläm	young man	Hebrew
295	γulām-	a young man, youth, boy, male child	Arabic
315	rbṣ	to lie down, rest (of animals) (mostly of animals)	Hebrew
315	rbṣ	 to lurk	Hebrew
315	rbḍ	to lie down (animals)	Arabic
320	šḳṭ	to be at rest	Hebrew
320	sqṭ	to fall	Arabic
321	skt	to be quiet	Hebrew
321	skt	to be silent	Arabic
325	ˀăšär	who, that, which (relative particle)	Hebrew
325	ˀăšär	 that, so that	Hebrew
325	ˀaṯar-	remain, relic, trace	Arabic
326	ˀty	to come	Hebrew
326	ˀty	to come	Arabic
326	wty		Arabic
326	wty	 to collect, to gather	Arabic
327	bˁy	to enquire	Hebrew
327	bγy	to seek, to desire	Arabic
330	rˀy	to see	Hebrew
330	rˀy	to see	Arabic
331	ḳädäm	in front	Hebrew
331	ḳädäm	 east	Hebrew
331	ḳädäm	 before, earlier, in olden days	Hebrew
331	quddām-	in front of	Arabic
332	ḳṭl	to kill	Hebrew
332	qtl	to kill	Arabic
332	qtl	to fight, combat	Arabic
335	baˁal	husband	Hebrew
335	baˁal	 landowner, citizen	Hebrew
335	baˁl-	owner, lord	Arabic
338	šry	to let loose	Hebrew
338	srw	to throw off, to remove	Arabic
340	hab	(imp.) give	Hebrew
340	whb	to grant	Arabic
340	whb	 to give as a free gift, disinterestedly	Arabic
341	yḳd	to burn	Hebrew
341	wqd	to burn, to burn up	Arabic
343	hwy	to become, to lie	Hebrew
343	hwy	to come to pass, to occur, to be, to become	Hebrew
343	hwy	to fall	Arabic
345	šōr	bull, ox	Hebrew
345	ṯawr-	bull, ox	Arabic
345	ṯawrat-	cow	Arabic
347	pny	to turn	Hebrew
347	pānīm	face	Hebrew
347	fināˀ	yard, exterior court	Arabic
347	fny	to pass away, to vanish	Arabic
349	hrg	to kill	Hebrew
349	hrǯ	to kill	Arabic
351	ḥōṭär	rod	Hebrew
351	ḫiṭr-	branch	Arabic
354	kbr	(hip.) to multiply	Hebrew
354	kabbīr	strong, mighty, many, numerous	Hebrew
354	kbr	to be great, big	Arabic
355	rab	numerous, many	Hebrew
355	rab	 great	Hebrew
355	rbb	to be numerous	Hebrew
355	rabb-	lord, possessor	Arabic
355	rbb	to be collected, congregated	Arabic
355	rubba-mā	often	Arabic
355	rabab-	much water	Arabic
357	ḥämär	wine	Hebrew
357	ḫamr-	wine	Arabic
363	ˀimmēr	lamb	Hebrew
363	ˀa	lamb	Arabic
363	immar-	lamb	Arabic
368	ˀäpˁǟ	a snake	Hebrew
368	ˀafˁan-	vipère (viper)	Arabic
369	ˀarbǟ	migratory locust	Hebrew
369	ˀirbiyān-	locusta marina	Arabic
372	ˀarnäbät	hare	Hebrew
372	ˀarnab-	hare, rabbit	Arabic
376	ˀēbär	membrum genitale	Hebrew
376	ˀibrat-	needle	Arabic
376	ˀibrat-	 sting	Arabic
376	ˀibrat-	 the extremity of a horn	Arabic
376	ˀibrat-	 the [privy] member of a man	Arabic
376	burrat, barbūr	penis gland	Arabic
376	barbur	penis	Arabic
380	däšäˀ	grass, herb	Hebrew
380	daṯaˀiyy-	spring rain	Arabic
384	ˀātōn	sheass	Hebrew
384	ˀitān-	sheass, domestic or wild	Arabic
385	ˀalyā	fat tail	Hebrew
385	ˀalyat-	buttocks, rump, posteriors	Arabic
391	ˀäšäk, pB. ˀōšäk	testiculus	Hebrew
391	ˀiskat-	lèvre du vagin de la femme (woman's vagina lip)	Arabic
393	ˁăgābā	rump, buttocks	Hebrew
393	ˁaǯb-	sacrum bone	Arabic
393	ˀaˁǯab-	having prominent buttocks	Arabic
394	ˁāḳēb	heel	Hebrew
394	ˁēḳäb	the very back, the end	Hebrew
394	ˁēḳäb	 result, wages	Hebrew
394	ˁqb	to come after somebody, to follow, to succeed	Arabic
394	ˁaqib-	heel	Arabic
396	päraḥ	bud, blossom	Hebrew
396	farḫ-	sprout	Arabic
398	šibbōlät	ear of corn	Hebrew
398	sabalat-, sunbulat-	ear of corn	Arabic
399	täbän	straw	Hebrew
399	tabn-, tibn-	straw	Arabic
400	dardar	thistle	Hebrew
400	dardār-	elm	Arabic
400	durdurin	thistle	Arabic
402	ḳānǟ	reed, cane	Hebrew
402	qanāt-	reed, cane	Arabic
404	ˀēšäl	tamarisk	Hebrew
404	ˀaṯl-	tamarisk	Arabic
406	paḳḳūˁā	colocynth	Hebrew
406	fuqqāˁ	colocynth (type of a wild pumpkin)	Arabic
409	ˀāṭād	(a thorny plant)	Hebrew
409	ˀaṭad-	thorny plant	Arabic
415	ˀēlōn	a large tree	Hebrew
415	ˀēlōn	 oak(?)	Hebrew
415	ˀallōn	oak	Hebrew
415	ˀalāˀ-	a kind of tree	Arabic
417	ˁărābā	poplar	Hebrew
417	γarab-	poplar	Arabic
424	ˁarˁār	juniper	Hebrew
424	ˁarˁar-	juniper	Arabic
425	ˀäräz	cedar	Hebrew
425	ˀarz-	cedar	Arabic
429	ˁmḳ	to be deep	Hebrew
429	ˁmq	to be deep	Arabic
435	ḥiṭṭā	wheat	Hebrew
435	ḥinṭat-	wheat	Arabic
436	bar	grain, cereal	Hebrew
436	burr-	wheat	Arabic
437	dōḥan	millet	Hebrew
437	duḫn-	millet	Arabic
472	ḥlš	to defeat	Hebrew
472	ḫls	to seize, to carry off by force, to take hastily, to snatch away	Arabic
475	šūm	garlic	Hebrew
475	ṯūm-	garlic	Arabic
476	bāṣāl	onion	Hebrew
476	baṣal-	onion	Arabic
477	kārēšā	leek	Hebrew
477	karāṯ-, karrāṯ-, kurrāṯ-	leek	Arabic
478	ḳiššūˀīm	(a plant belonging to cucurbits)	Hebrew
478	qiṯṯāˀ-, quṯṯāˀ-	a plant belonging to cucurbits	Arabic
480	təˀēnā	fig, fig tree	Hebrew
480	tīn-	fig, fig tree	Arabic
481	ˀī (only in the pl. ˀiyyīm)	jackal	Hebrew
481	ˀibnu ˀāwan	(pl. banātu ˀāwān) jackal	Arabic
483	tāmār	date palm	Hebrew
483	tamr-	dates, fruit of palm	Arabic
486	ˀēb	shoot, sprout	Hebrew
486	ˀābīb	ears of corn	Hebrew
486	ˀabb-	vegetation, herbage	Arabic
487	ˀäškōl	bunch of grapes	Hebrew
487	ˀiṯkāl-	bunch of grapes	Arabic
488	käräm	vineyard	Hebrew
488	karm-	vineyard	Arabic
489	ˀāb	father	Hebrew
489	ˀab-	father	Arabic
490	ˀēm	mother	Hebrew
490	ˀumm-	mother	Arabic
491	ˀāḥ	brother	Hebrew
491	ˀaḫ-	brother	Arabic
492	ˀāḥōt	sister	Hebrew
492	ˀuḫt-	sister	Arabic
494	ˀayyā	black kite	Hebrew
494	yuˀyuˀ-	swivel (bird of prey)	Arabic
496	ˀayyāl-	fallow deer	Hebrew
496	ˀayyālā	doe of a fallow deer	Hebrew
496	ˀiyyal-, ˀuyyal-	ibex, mountain goat	Arabic
496	ˀiyyal-, ˀuyyal-	 deer	Arabic
499	ˁēgäl	young bull, ox	Hebrew
499	ˁäglā	heifer, young cow	Hebrew
499	ˁulǯūm-	taureau vieux (old bull)	Arabic
499	ˁiǯl-	calf	Arabic
499	ˁiǯlat-	heifer	Arabic
500	bēn	son	Hebrew
500	ˀibn-	son	Arabic
501	bat	daughter	Hebrew
501	bint-	daughter	Arabic
502	mərī(ˀ)	fattened ox	Hebrew
502	mrˀ	to be useful for someone	Arabic
503	bəkōr	firstborn	Hebrew
503	bikr-	firstborn	Arabic
504	ˁakbār	mouse	Hebrew
504	ˁakābir-	mares murum, quibus yarbūˁ nomen est	Arabic
504	wabr-	hyrax Syriacus	Arabic
505	ˁaḳrāb	scorpion	Hebrew
505	ˁaqrab-	scorpion	Arabic
506	ˁălūḳā	leech	Hebrew
506	ˁalaq-(at-)	leech	Arabic
507	ˁakkābīš	spider	Hebrew
507	ˁankab-	spider (male)	Arabic
507	ˁankabāˀ-	spider (female)	Arabic
508	ˁēz	goat	Hebrew
508	ˁanz(-at)-	shegoat, female of gazelle, female eagle and vulture, bustard	Arabic
509	dōd	paternal uncle	Hebrew
509	dād-	foster father	Arabic
510	dōdā	paternal aunt	Hebrew
510	dādat-	wetnurse	Arabic
514	ḳarḳaˁ	floor	Hebrew
514	ḳarḳaˁ	 bottom of the sea	Hebrew
514	ḳarḳārā	bottom of a vessel	Hebrew
514	qarqar-	earth	Arabic
517	mädär	ordure (material for vessels)	Hebrew
517	madar-	lumps, clods of dry clay	Arabic
518	ṭīṭ	mud, clay	Hebrew
518	ṭīn-	mud, clay	Arabic
519	ḥāṣāṣ	pebble, gravel	Hebrew
519	ḥisaⁿ	accumulated sand beneath which is hard rock	Arabic
519	ḥisaⁿ	 soft or plain ground in which water remains and collects	Arabic
519	ḥaṣaⁿ	pebbles or small stones	Arabic
519	ḥiṣḥiṣ-	stone, particles of stone, dust	Arabic
520	ṣōr	flint	Hebrew
520	ḏ̣irr-	flint	Arabic
523	tēl	mound	Hebrew
523	tall-	mound	Arabic
525	midbār	pasture, steppe, desert	Hebrew
525	dabrat-	a patch of sown ground	Arabic
527	ˁārōd	wild ass	Hebrew
527	ˁard-	donkey	Arabic
527	ˁarrādat-	an engine of war that casts a stone to a long distance, similar to that called by the Romans onager	Arabic
529	nāhār	river	Hebrew
529	nahr-, nahar-	river	Arabic
530	päläg	subdivision of a tribe	Hebrew
530	päläg	 watercourse	Hebrew
530	päläg	 artificial water channel, canal	Hebrew
530	falǯ-, falaǯ-	stream	Arabic
534	bəˀēr	well	Hebrew
534	bōr	cistern, pit, grave	Hebrew
534	biˀr-	well	Arabic
534	burat-	(cooking) pit	Arabic
534	b1ˀrat-	a hole dug in the ground in which to cook	Arabic
534	b1ˀrat-	 a place in which fire is lighted	Arabic
536	šāmayim	heaven	Hebrew
536	samāˀ-	heaven	Arabic
538	rūaḥ	breeze	Hebrew
538	rūaḥ	 breath	Hebrew
538	rūaḥ	 wind	Hebrew
538	rēaḥ	odour, fragrance	Hebrew
538	rīḥ-	wind	Arabic
538	rūḥ-	the soul, spirit	Arabic
540	npš	(nip.) to breathe freely, recover	Hebrew
540	tanaffasa	to breathe	Arabic
540	nafas	breath	Arabic
543	bārāḳ	lightning	Hebrew
543	barq-	lightning	Arabic
546	šäläg	snow	Hebrew
546	ṯalǯ-	snow	Arabic
547	bārād	hail	Hebrew
547	barad-	hail	Arabic
550	lahab, lähābā	fire	Hebrew
550	lahab-	fire	Arabic
552	päḥām	charcoal	Hebrew
552	faḥm-, faḥam-	charcoal	Arabic
553	ḥām	hot	Hebrew
553	ḥmm	to become hot	Arabic
554	ˀōr	light	Hebrew
554	ˀirrat-	heat, flame	Arabic
554	ˀuwār-	heat, flame	Arabic
556	ṣēl	shadow	Hebrew
556	ḏ̣ill-	shadow	Arabic
559	šaḥar	dawn	Hebrew
559	saḥar-	dawn	Arabic
560	šānā	year	Hebrew
560	sanat-	year	Arabic
561	ḥōräp	autumn	Hebrew
561	ḫarīf-	autumn	Arabic
561	ḫarīf-	 year	Arabic
564	yāmīn	right side	Hebrew
564	yamīn-, yaman-	right	Arabic
565	ŝəmō(ˀ)l	left side, left	Hebrew
565	šaˀmat-	left side, direction	Arabic
565	šimāl-	left	Arabic
565	šamāl-	north wind	Arabic
569	ḥām	fatherinlaw	Hebrew
569	ḥam-	fatherinlaw	Arabic
570	ḥāmōt	motherinlaw	Hebrew
570	ḥamāt-	motherinlaw	Arabic
572	šēnā	sleep	Hebrew
572	sinat-, wasnat-, wasanat-	envie de dormir, somnolence	Arabic
572	sinat-, wasnat-, wasanat-	 sommeil profond	Arabic
572	sinat-, wasnat-, wasanat-	 premier somme (want to sleep, drowsiness	Arabic
572	sinat-, wasnat-, wasanat-	 deep sleep	Arabic
572	sinat-, wasnat-, wasanat-	 first slumber)	Arabic
573	ˀby	to want, be willing	Hebrew
573	ˀby	to refuse	Arabic
577	ṣāhōb	bright red	Hebrew
577	aṣhab-	red tinged with black	Arabic
579	bərōmīm	twocolored fabric	Hebrew
579	brm	to make a rope of two strands, or distinct yarns or twists	Arabic
579	barīm-	a rope in which are two colors	Arabic
581	pṣḥ	to be bright	Hebrew
581	fṣḥ	to be bright	Arabic
583	ˁēŝäb	grass, herb	Hebrew
583	ˁušb-	herbage, fresh herbs	Arabic
590	bəˁīr	livestock, cattle	Hebrew
590	baˁīr-	camel	Arabic
590	bārah	cow	Arabic
593	bāḳār	cattle	Hebrew
593	bāḳār	 herd, cattle (both sexes)	Hebrew
593	baqar-	large cattle	Arabic
594	par, pārā	bull, steer	Hebrew
594	par, pārā	 cow	Hebrew
594	furfur-	lamb, kid or antelope cub	Arabic
594	furār-	young of small cattle	Arabic
596	ṣō(ˀ)n	flocks (sheep and goats)	Hebrew
596	ḍaˀn-	small cattle	Arabic
597	ŝǟ	small livestock beast	Hebrew
597	šāˀ-	a single head of small cattle	Arabic
599	rāḥēl	ewe	Hebrew
599	riḫl(at)-	ewe	Arabic
600	käbäŝ	ram	Hebrew
600	kabš-	ram	Arabic
602	ṭālǟ	lamb	Hebrew
602	ṭalaⁿ	a young lamb or a kid	Arabic
604	tayiš	billy goat	Hebrew
604	tays-	billy goat	Arabic
605	ˁattūd	male goat or sheep	Hebrew
605	ˁatūd	billy goat	Arabic
609	gədī	kid (of goat or sheep)	Hebrew
609	ǯady-	kid	Arabic
610	ḥămōr	donkey	Hebrew
610	ḥimār-	donkey, wild ass, onager	Arabic
612	ˁayir	donkey	Hebrew
612	ˁayr-	donkey	Arabic
613	pārāš	team of horses, horses for a chariot	Hebrew
613	pārāš	 horseman	Hebrew
613	faras-	horse	Arabic
618	ḥăzīr	swine, boar	Hebrew
618	ḫinzīr-	pig	Arabic
619	nāmēr	leopard	Hebrew
619	nimr-, namir-	leopard	Arabic
620	zəˀēb	wolf	Hebrew
620	ḏiˀb-	wolf	Arabic
621	šūˁāl	fox	Hebrew
621	šūˁāl	 jackal	Hebrew
621	ṯuˁāl-, ṯaˁlab-	fox	Arabic
622	ṣābūaˁ	hyena	Hebrew
622	ḍabuˁ-	hyena	Arabic
623	dōb	bear	Hebrew
623	dubbā	shebear	Hebrew
623	dubb-	bear	Arabic
624	ṣəbī	gazelle	Hebrew
624	ḏ̣aby-	gazelle	Arabic
625	rəˀēm	wild bull	Hebrew
625	riˀm-	kind of antelope	Arabic
626	yāˁēl	ibex, mountain goat	Hebrew
626	waˁl-, waˁil-	ibex, mountain goat	Arabic
627	ˁōpär	young fallow deer	Hebrew
627	γafr-, γufr-	young fallow deer	Arabic
631	pärä(ˀ)	wild ass	Hebrew
631	faraˀ-	wild ass	Arabic
636	ḳippōd	hedgehog	Hebrew
636	qunfuḏ-	hedgehog	Arabic
637	ḥōläd	mole	Hebrew
637	ḫuld-	mole	Arabic
639	pīl	elephant	Hebrew
639	fīl-	elephant	Arabic
642	ˁōrēb	crow, raven	Hebrew
642	γurāb-	crow, raven	Arabic
643	näšär	eagle	Hebrew
643	näšär	 vulture	Hebrew
643	nasr-	eagle, vulture	Arabic
644	rāḥām	Egyptian vulture	Hebrew
644	raḫam-	Egyptian vulture	Arabic
647	sənūnīt	swallow	Hebrew
647	sunūnuw-	swallow	Arabic
648	ṣəpardēaˁ	frogs	Hebrew
648	ḍifdiˁ-	frog	Arabic
650	pätän	a venomous serpent	Hebrew
650	baṯan-	snake	Arabic
653	ḥlṣ	to draw off	Hebrew
653	ḫlṣ	to become clear	Arabic
653	ḫulāṣat-	sediment of butter	Arabic
653	lḫṣ	to pull out the eye together with the fat (of a slaughtered camel)	Arabic
656	ṣāb	thorntailed lizard	Hebrew
656	ḍabb-	monitor lizard	Arabic
659	ḥōmäṭ	reptile	Hebrew
659	ḥamaṭīṭ-	serpent	Arabic
660	ḥardōn	large Libyan lizard	Hebrew
660	ḥirḏawn-, ḥirdawn-	lizard	Arabic
665	dəbōrā	(wild) honeybee	Hebrew
665	dabr-, dibr-	swarm of bees	Arabic
665	zanbūr-	wasp	Arabic
666	zəbūb	fly	Hebrew
666	ḏubāb-	fly	Arabic
668	nəmālā	ant	Hebrew
668	naml-	ant	Arabic
669	parˁōš	flea	Hebrew
669	burγūṯ-	flea	Arabic
675	sās	clothes moth	Hebrew
675	sūs-	moth	Arabic
676	ˁāš	moth	Hebrew
676	ˁuṯṯat-	moth	Arabic
677	ḥargōl	locust	Hebrew
677	ḥarǯal-, ḥarǯūl-	kind of locust	Arabic
677	ḥarǯalat-	swarm of locust	Arabic
678	ṣarṣūr	cricket	Hebrew
678	ṣarṣar-	cricket	Arabic
684	rimmā	maggots, worms	Hebrew
684	rimmat-	winged ant	Arabic
684	rimmat-	 old and decayed bones, a used rope	Arabic
688	pägär	corpse	Hebrew
688	fǯr	to commit adultery, fornication with a woman	Arabic
692	gīd	tendon, sinew	Hebrew
692	ǯīd-	neck	Arabic
694	yätär	cord	Hebrew
694	watar-	tendon	Arabic
694	watar-	 string, chord	Arabic
695	nāšǟ	sciatic nerve (the central nerve of the hip region)	Hebrew
695	nasāⁿ	sciatic tendon	Arabic
699	ḥēläb	fat (covering the entrails, kidneys and liver, breast, etc.)	Hebrew
699	ḫilb-	diaphragm, midgriff	Arabic
701	liplūp	glutinous substance, pus	Hebrew
701	lafīˀat-	piece of flesh peeled off from the bone	Arabic
702	pädär	suet from the kidney	Hebrew
702	fudurr-	a fat, plump boy	Arabic
702	fudurr-	 boy that has nearly attained to puberty	Arabic
702	fidrat-	a piece of fleshmeat	Arabic
702	fidrat-	 a lump of dates compacted together	Arabic
703	mäšäk	leather pouch	Hebrew
703	mask-	peau ôtée récemment d'un agneau ou d'un chevreau (recently removed skin from a lamb or kid)	Arabic
704	gēläd	skin	Hebrew
704	ǯild-	skin	Arabic
706	ˁōr	skin	Hebrew
706	γarrat-, γurrat-	fold (of skin, of fabric)	Arabic
706	γarγarat-, γurγurat-	gizzard of bird	Arabic
708	ˁănāḳ	neckchain	Hebrew
708	ˁunq-	neck	Arabic
709	šəkäm	shoulder, nape of the neck, back	Hebrew
709	ṯuknat-	pearl necklace	Arabic
709	ṯuknat-	 dyed wool collar that hangs as an ornament on the camel's neck	Arabic
713	gārōn	throat, neck	Hebrew
713	ǯirān-	anterior part of the neck of a camel	Arabic
715	ṣēlāˁ	rib	Hebrew
715	ḍilaˁ-	rib	Arabic
718	šād	female breast	Hebrew
718	šōd	mother's breast	Hebrew
718	ṯady-	breast	Arabic
721	dad, du. daddayim	breast	Hebrew
721	dayd	breast	Arabic
722	zīz	nipple	Hebrew
722	zīz	 full breast	Hebrew
722	zīza	breast	Arabic
723	bäṭän (suff. biṭn­)	belly	Hebrew
723	baṭn-	belly	Arabic
725	šōr	navel	Hebrew
725	surr-	navel	Arabic
725	surrat-	navel	Arabic
726	ṣōhar	a designation of Noah’s Ark	Hebrew
726	ḏ̣ahr-	back	Arabic
727	ḥōṣän	fold of garment, bosom	Hebrew
727	ḥiḍn-	bosom, part beneath the armpit	Arabic
728	ḥēḳ	lap, loin, hips	Hebrew
728	ḥaqw-	waist, flank, the place where the waistwrapper is bound	Arabic
728	ḥiqw-	waist, flank, the place where the waistwrapper is bound	Arabic
729	käsäl	loins	Hebrew
729	käsäl	 genitals	Hebrew
729	kawsalat-	glans penis	Arabic
733	ˁāṣē	coccyx	Hebrew
733	ˁaṣaṣ-, ˁuṣuṣ-, ˁuṣˁūṣ-	caudal bone of the tail	Arabic
733	ˁaṣan	bone of the shank	Arabic
734	šēt	buttocks	Hebrew
734	šēt	 base, foundation	Hebrew
734	ˀist-	podex, anus	Arabic
734	sath-, satah-, sitah-	buttocks, posteriors, rump	Arabic
737	kilyā	kidney	Hebrew
737	kulyat-	kidney	Arabic
738	ŝāpām	moustache	Hebrew
738	šaˁfat­-	lock of hair	Arabic
739	ˀäṣbaˁ	finger	Hebrew
739	ˀiṣbaˁ-, ˀaṣbaˁ-, ˀiṣbiˁ-, ˀaṣbiˁ-, ˀaṣbuˁ-, ˀiṣbuˁ-, ˀuṣbuˁ-, ˀuṣbiˁ-, ˀuṣbūˁ-	finger	Arabic
741	mərōrā, mərērā	gallbladder	Hebrew
741	mirrat-	fiel, bile (gall, bile)	Arabic
747	ṭəḥōl	spleen	Hebrew
747	ṭiḥāl-	spleen	Arabic
751	ˁorlā	foreskin	Hebrew
751	γurlat-	foreskin	Arabic
753	šālīl	embryo	Hebrew
753	šilyā	afterbirth	Hebrew
753	salīl-	child, male offspring	Arabic
753	salan	thin skin, in which is the fœtus	Arabic
754	gulgōlät	skull	Hebrew
754	ǯalaǯat-	crâne	Arabic
754	ǯalaǯat-	 tête (skull	Arabic
754	ǯalaǯat-	 head)	Arabic
758	yārēk	upper thigh	Hebrew
758	yārēk	 side	Hebrew
758	warik-	haunch, upper thigh	Arabic
764	ksm	to trim	Hebrew
764	ksm	to crumble in one’s hand	Arabic
769	dəbaš	honey	Hebrew
769	dibs-	datesyrup	Arabic
776	ˀmr	to see	Hebrew
776	tuˀmur-	sign, mark	Arabic
776	ˀamarat-	sign, mark	Arabic
777	boṭnīm	terebinth	Hebrew
777	buṭm-	terebinth	Arabic
778	ḥmr	to glow, to burn (of intestines)	Hebrew
778	ḥmr	to suffer from indigestion	Arabic
779	yrš	to take possession of, to get	Hebrew
779	yrš	 to be heir	Hebrew
779	wrṯ	to inherit	Arabic
780	ḥōṭām	the distinctive feature of the face, nose, nostril	Hebrew
780	ḫaṭm-	muzzle, beak	Arabic
788	məˀōd	many	Hebrew
788	mˀd	to become flourishing and fresh	Arabic
790	rby	to become numerous	Hebrew
790	rby	 to be great	Hebrew
790	rbw	to increase, augment	Arabic
791	ršˁ	to be guilty	Hebrew
791	rasaˁ	fasādu lˁayni (corruption of the eye)	Arabic
794	ḥlḳ	(pi.) destroy	Hebrew
794	ḫlq	to be shabby (clothes), IV. to wear out (a garment)	Arabic
796	zbl	to raise	Hebrew
796	zəbūl	elevation, height, lofty abode	Hebrew
796	zbl	to bear, to carry, to take up and carry	Arabic
798	bēkär, bikrā	camel	Hebrew
798	bakr-	camel	Arabic
799	gāmāl	camel	Hebrew
799	ǯamal-	camel	Arabic
800	nāḳā, ănāḳā	camel	Hebrew
800	nāqat-	shecamel	Arabic
803	ˁōräp	top of the head, neck	Hebrew
803	ˁurf-	mane, feathers on the neck	Arabic
803	γārib-	part between the hump and the neck	Arabic
804	mōaḥ	bonemarrow	Hebrew
804	muḫḫ-	brain	Arabic
809	šəḥīn	inflammation	Hebrew
809	sḫn	to be warm, hot	Arabic
812	ŝəˁōrā	barley	Hebrew
812	šaˁīr-	barley	Arabic
816	bābat hā-ˁayin	eyeball	Hebrew
816	buˀbuˀ-	pupil of the eye	Arabic
817	ḥisḥūs	cartilages forming the ear	Hebrew
817	ḥasīs-	both arteries behind the ears	Arabic
820	nəḥīrayim	nostrils	Hebrew
820	nuḫrat-	fore part of the nose	Arabic
821	ŝāpā	lip	Hebrew
821	šafat-	lip	Arabic
824	ləḥī	chin, jawbone, cheek	Hebrew
824	laḥan	cheek	Arabic
824	laḥy-	jaw, jawbone, jowl	Arabic
824	liḥyat-	beard	Arabic
829	nīb ŝəpātayim	upper lip	Hebrew
829	nāb-	canine teeth	Arabic
831	päraˁ	loosely hanging and unplaited hair on the head	Hebrew
831	farˁ-	chevelure (hair)	Arabic
833	zāḳān	side whiskers and (pointed) beard	Hebrew
833	ḏaqan-	beard	Arabic
833	ḏiqn-	extremely aged man	Arabic
834	kap	the hollow, the flat of the hand	Hebrew
834	kaff-	palm, hand	Arabic
835	raḥat	winnowing shovel	Hebrew
835	rāḥat-	palm of hand	Arabic
836	ḥopnayim	the hollow of both hands	Hebrew
836	ḥufnat-	hollow, cavity, trench	Arabic
837	bōhän	thumb, big toe	Hebrew
837	ˀibhām-, bahīm-	thumb, toe	Arabic
838	*ḥāṣēr	lobe of the liver	Hebrew
838	ḫinṣir-	little finger	Arabic
840	zərōaˁ	arm	Hebrew
840	ḏirāˁ-	forearm	Arabic
841	kātēp	shoulder, upper arm	Hebrew
841	katif-	shoulderblade, shoulder	Arabic
843	ˁarḳūb	hough, ham, the inner part of the knee, the inner angle of the joint which unites the thigh and the leg of an animal	Hebrew
843	ˁurqūb-	Achilles’ tendon	Arabic
844	šōḳ	thigh, fibula	Hebrew
844	šōḳ	 shank of an animal	Hebrew
844	sāq-	shank	Arabic
844	sāq-	 leg	Arabic
848	paḥad	thigh, haunch	Hebrew
848	faḫiḏ-	thigh	Arabic
848	faḫiḏ-	 the smallest subdivision of a tribe	Arabic
849	kānāp	wing	Hebrew
849	kanaf-	wing, pinion	Arabic
850	ḳēbā	abomasum, stomach	Hebrew
850	qibat-, qibbat-, qabqab-	stomach	Arabic
851	kərāˁayim	lower leg, fibula	Hebrew
851	kurāˁ-	shank, shinbone	Arabic
851	kurāˁ-	 leg (of both humans and animals)	Arabic
853	šāloš	three	Hebrew
853	ṯalāṯ-	three	Arabic
854	ˀarbaˁ	four	Hebrew
854	ˀarbaˁ-	four	Arabic
855	ḥāmeš	five	Hebrew
855	ḫams	five	Arabic
856	šeš	six	Hebrew
856	sitt-	six	Arabic
857	šäbaˁ	seven	Hebrew
857	sabˁ-	seven	Arabic
858	šəmonā	eight	Hebrew
858	ṯamāniⁿ	eight	Arabic
859	tešaˁ	nine	Hebrew
859	tisˁ-	nine	Arabic
860	ˁäŝär	ten	Hebrew
860	ˁašr-	ten	Arabic
863	kippā	arch, doorway, bow	Hebrew
863	kippā	 skullcap	Hebrew
863	kpp	to bend, to bow down	Hebrew
863	kff	to sew the edge	Arabic
863	kff	 refrain	Arabic
863	kiffat-	bezel, collet	Arabic
879	ˁrḳ	to gnaw away	Hebrew
879	ˁrq	to eat off the flesh from the bone	Arabic
891	rēaˁ	friend	Hebrew
891	ˀurˁuwwat-	yoke	Arabic
894	mrṣ	to be bad, painful	Hebrew
894	mrḍ	to be diseased, disordered, distempered, sick, ill	Arabic
895	ngŝ	to spur on	Hebrew
895	ngŝ	 to collect offerings	Hebrew
895	ngŝ	 to force to work	Hebrew
895	nǯš	to pursue game	Arabic
895	nǯš	 to search after a thing	Arabic
895	nǯš	 to collect together	Arabic
900	ynḳ	to suck	Hebrew
900	nqw	tirer la moelle d’un os (to pull the marrow out of a bone)	Arabic
900	y	tirer la moelle d’un os (to pull the marrow out of a bone)	Arabic
901	yäläd	boy	Hebrew
901	yld	to give birth, to beget	Hebrew
901	walad-	a child, son, young one	Arabic
922	škl	to become childless	Hebrew
922	ṯkl	to lose (child), become bereft	Arabic
937	ˁăṭīšā	sneeze (n.)	Hebrew
937	ˁṭs	to sneeze	Arabic
938	ˁiwwēr	blind	Hebrew
938	ˁiwwēr	(pi.) to blind	Hebrew
938	ˁwr	to be oneeyed	Arabic
939	dwy	to menstruate	Hebrew
939	dāwǟ	faint, sick, menstruating	Hebrew
939	dwˀ	to be sick	Arabic
939	dwy	to be sick	Arabic
941	zimmā	infamy, shameful behaviour, esp. fornication and incest	Hebrew
941	ḏmm	blâmer, relever les défauts, les vices de quelqu'un	Arabic
941	ḏmm	 commettre une action blâmable (to blame, to point out the faults, the vices of someone	Arabic
941	ḏmm	 to commit a blameworthy action)	Arabic
945	gˁš	(hitpo.) to vomit loudly	Hebrew
945	ǯˁs	to deposit excrements	Arabic
945	ǯšˀ	to burp	Arabic
947	hzy	to pant in its sleep (dog)	Hebrew
947	huḏāˀ-	délire (delirium)	Arabic
947	hḏy	to talk nonsense	Arabic
948	hll	to be infatuated	Hebrew
948	hll	 to make look foolish	Hebrew
948	hll	 (po.) to make a mockery of	Hebrew
948	hll	 (hitpo.) to pretend to be mad	Hebrew
948	hll	 to act like a madman	Hebrew
948	hōlēlūt	foolishness, blindness	Hebrew
948	halhal	injure	Arabic
948	halhal	 sottise	Arabic
948	wahl-	opinion, idée fausse qu'on se fait sur quelque chose (opinion, misconception we have about something)	Arabic
950	ḥēbäl	labor pains	Hebrew
950	ḥēbäl	 foetus	Hebrew
950	ḥbl	(pi.) to be pregnant, conceive	Hebrew
950	ḥbl	to be pregnant	Arabic
950	ḥabal-	foetus	Arabic
950	ḥbl	concevoir, devenir enceinte, grosse (d'un foetus) (to conceive, become pregnant)	Arabic
952	ḥākak	to scratch	Hebrew
952	ḥkk	to scratch, scrape, rub, grate	Arabic
954	ḥlm	to dream	Hebrew
954	ḥlm	to have a dream	Arabic
954	ḥlm	 to have pollutions	Arabic
956	ḥlm	to become strong (animals)	Hebrew
956	ḥlm	(hip.) to restore to health	Hebrew
956	ḥlm	to become fat	Arabic
956	ḥalīm-	forbearing, clement	Arabic
956	ḥalīm-	 fat (camel)	Arabic
957	ḥly	to grow weak, tired	Hebrew
957	ḥly	 to fall sick, to be ill	Hebrew
957	ḥll	avoir des douleurs aux cuisses ou aux genoux (se dit de l’homme), avoir des douleurs aux jarrets (se dit du cheval) (to have pain in the thighs or knees (said of the man), having pain in the hocks (said of the horse)	Arabic
957	ḥalal-	laxness in the legs, tendons, sinews of a beast	Arabic
957	ḥalal-	 laxness of the hock (of the camel)	Arabic
959	ḥārūm	with a slit nose	Hebrew
959	ḫarmāˀ-	oreille percée (pierced ear)	Arabic
959	ḫrm	cut off	Arabic
959	ḫrm	 slit the partition between the nostrils	Arabic
959	ḫrm		Arabic
959	ḫrm	to have the partition between his nostrils cut, or mutilated	Arabic
959	ˀaḫram-	having the nose mutilated	Arabic
959	ˀaḫram-	 having the ear perforated, when it is not slit	Arabic
961	ḥrš	to be deaf	Hebrew
961	ḫrs	to be numb	Arabic
962	ḥīl, ḥīlā	labour pains	Hebrew
962	ḥyl	to be in labour	Hebrew
962	ḫyl	avoir du lait (se dit d'une chamelle) (to have milk (said of a camel)	Arabic
963	kˀb	to be in pain	Hebrew
963	kˀb	to be in grief, unhappy, sorrowful, sad	Arabic
964	ḳaddaḥat	inflammation, fever	Hebrew
964	qdḥ	s’enfoncer dans l’orbite (se dit de l’oeil)	Arabic
964	qdḥ	 amaigrir exprès (son cheval) (to sink into the orbit (said of the eye)	Arabic
964	qdḥ	 to lose weight on purpose (of horse)	Arabic
965	ḳdḥ	to set fire to	Hebrew
965	qdḥ	chercher à tirer du feu à l’aide d’un briquette (try to draw fire with a briquette)	Arabic
967	grd	(hitpa.) to scrape oneself	Hebrew
967	ǯrd	to have no hair	Arabic
969	ḳrḥ	to have one’s head shaved	Hebrew
969	qrˁ	être chauve (to be bold)	Arabic
969	qrḥ	to be covered with ulcers	Arabic
970	ḳyˀ	to spit, be sick	Hebrew
970	ḳyˀ	 (hip.) to vomit something	Hebrew
970	qyˀ	to vomit	Arabic
972	mīn	type, kind	Hebrew
972	munwat-	époque où se trouve une femelle lorsqu’elle a été couverte par le mâle(time when a female is found when she has been covered by the male)	Arabic
972	mny	laisser couler le sperme (dans la copulation ou autrement) (let the sperm flow (in copulation or otherwise)	Arabic
972	mny	to wish, desire	Arabic
972	minā, minaⁿ	sperme	Arabic
972	minā, minaⁿ	 liqueur de la femelle qui se mêle au sperme et contribue à la génération (sperm	Arabic
972	minā, minaⁿ	 liquor of the female which mixes with the sperm and contributes to the generation)	Arabic
972	maniyy-	sperme (du mâle)	Arabic
972	maniyy-	 liqueur utérine de la femelle (semen (from the male)	Arabic
972	maniyy-	 female uterine liquor)	Arabic
973	nhg	to sob	Hebrew
973	nhḳ	to bray	Hebrew
973	nˀǯ	to moan	Arabic
973	nhq	braire (se dit de l’âne) (bray (of donkey)	Arabic
973	nqnq	coasser sans cesse (to croak incessantly)	Arabic
973	nqq	coasser, miauler	Arabic
973	nqq	 glousser (to croak, meow	Arabic
973	nqq	 squawk)	Arabic
974	parsā	hoof	Hebrew
974	firsin-	lowest part of the leg of a camel	Arabic
975	nōṣā	feathers	Hebrew
975	nāṣiyat-	forelock	Arabic
976	dimˁā	tear	Hebrew
976	damˁ-	tear	Arabic
979	rīr	spittle, mucus	Hebrew
979	rayr-, rīr-	saliva of a child	Arabic
980	ḥēmā	poison, venom	Hebrew
980	ḥumat-	scorpion’s venom	Arabic
981	rəˁī, rēˁī	secretion, excrements	Hebrew
981	raγwat-, ruγwat-	froth of milk	Arabic
982	rōḳ	spittle	Hebrew
982	rḳḳ	to spit	Hebrew
982	yrḳ	to spit	Hebrew
982	rīq-	saliva	Arabic
982	rīqat-	saliva	Arabic
982	ryq	rendre, vomir, cracher quelque chose (to throw up, spit something)	Arabic
984	šēnēhäm	urine	Hebrew
984	maštīn	(hip. part.) to pass water, urinate	Hebrew
984	maṯānat-	bladder	Arabic
985	päräš	contents of the gut, faeces	Hebrew
985	farṯ-	feces	Arabic
987	zäbäl	foliage piled up for forming manure, deposits	Hebrew
987	zibl-	dung	Arabic
988	ḥărāˀīm	dove's dung	Hebrew
988	ḥărāˀīm	 excrement	Hebrew
988	ḫurˀ-, ḫarˀ	human excrement	Arabic
988	ḫurˀ-, ḫarˀ	 dung of the dog, fieldrat, ant, fly	Arabic
988	ḫary-	excrement humain (human excrement)	Arabic
989	ṣāpīaˁ	animal droppings, dung	Hebrew
989	ḍafˁ-	fiente de l'éléphant (elephant dung)	Arabic
989	ḍfˁ-	péter et faire caca (fart and poo)	Arabic
990	*gēl	human dung	Hebrew
990	gālāl	dung	Hebrew
990	ǯallat-	dung ball	Arabic
990	ǯallat-	 cattle dung	Arabic
991	ṣēˀā	dung, excrement	Hebrew
991	ṣōˀā	excrement, disgusting spew	Hebrew
991	ḏ̣iyyat-	corpse in putrefaction	Arabic
992	dōmän	dung	Hebrew
992	dimn-, damān-	dung, manure	Arabic
997	mīṣ	squeezing	Hebrew
997	mṣw	to drain out	Hebrew
997	mṣṣ	to drain out	Hebrew
997	mṣṣ	to suck	Arabic
1000	nwm	to fall asleep, to slumber	Hebrew
1000	nwm	dormir (to sleep)	Arabic
1001	yšn	to sleep	Hebrew
1001	wsn	être endormi d’un profond sommeil	Arabic
1001	wsn	 être dans son premier somme	Arabic
1001	wsn	 sommeiller (to sleep deeply	Arabic
1001	wsn	 to slumber)	Arabic
1005	gārāb	festering rash	Hebrew
1005	ǯarab-	scab	Arabic
1005	ǯarab-	 rust	Arabic
1006	ṣāraˁat	skin disease (not leprosy)	Hebrew
1006	ṣamγat-	small swelling, pustule	Arabic
1006	ṣimγat-	sorte d'excroissance hideuse à voir sur les lèvres, sur le nez ou sur les oreilles (a kind of ugly growth seen on the lips, nose, or ears)	Arabic
1009	ḥabbūrā	wound, slash	Hebrew
1009	ḥăbarbūrōt	skin specks	Hebrew
1009	ḥibr-	mark of beating	Arabic
1009	ḥibr-	 a healed wound	Arabic
1011	bōhaḳ	skin rash	Hebrew
1011	bōhaḳ	white scurf	Hebrew
1011	băhăḳān	one having an eruption resembling leprosy	Hebrew
1011	bahaq-	mild species of leprosy	Arabic
1012	ŝēbā	the grey hair	Hebrew
1012	ŝēbā	 advanced age	Hebrew
1012	šayb-	whiteness of the hair	Arabic
1013	ḳorḥā	bald patch	Hebrew
1013	qurḥat-	white mark in the middle of the forehead of a horse	Arabic
1014	gibbēn	hunchbacked	Hebrew
1014	ǯabab-	erosion of the hump of a camel	Arabic
1017	ṣlˁ	to limp, to be lame	Hebrew
1017	ḏ̣lˁ	to limp	Arabic
1019	ṣummām	a person whose auricles are a shapeless mass	Hebrew
1019	ṣmm	to be deaf	Arabic
1020	ˁillēg	stammerer	Hebrew
1020	ˁilǯ	strong man	Arabic
1020	ˁilǯ	 foreigner, nonMuslim	Arabic
1021	šˁl	(qal, hitp.) to cough	Hebrew
1021	šiˁūl	cough	Hebrew
1021	sˁl	to cough	Arabic
1021	suˁāl	cough	Arabic
1025	šgˁ	(pu., hitp.) to behave like a madman	Hebrew
1025	ˀašǯaˁ	mad	Arabic
1026	ḳbr	to bury	Hebrew
1026	qbr	to bury	Arabic
1030	nāšīm	women	Hebrew
1030	nisūna, niswat-, nisāˀ-	women	Arabic
1031	zākār	man, male	Hebrew
1031	ḏakar-	male	Arabic
1031	ḏakar-	 penis	Arabic
1032	rˁb	to be hungry	Hebrew
1032	rγb	to desire eagerly, greedily	Arabic
1033	ˁam	people, clan	Hebrew
1033	ˁamm-	a company of men	Arabic
1033	ˁamm-	 tribe	Arabic
1034	kallā	???	Hebrew
1034	kannat-	daughterinlaw, sisterinlaw	Arabic
1035	ḥātān	soninlaw, groom	Hebrew
1035	ḥōtēn	wife's father	Hebrew
1035	ḥōtänät	wife's mother	Hebrew
1035	ḫatan-	soninlaw, bridegroom	Arabic
1036	yātōm	orphan	Hebrew
1036	yatīm-	orphan	Arabic
1037	ˀalmānā	widow	Hebrew
1037	ˀarmalat-	widow	Arabic
1038	ˀāmā	maidservant	Hebrew
1038	ˀamat-	maidservant	Arabic
1039	ˁäbäd	slave, servant	Hebrew
1039	ˁabd-	male slave	Arabic
1041	baˁălā	mistress	Hebrew
1041	baˁlat-	wife	Arabic
1043	ŝbˁ	to eat one's fill	Hebrew
1043	šbˁ	to be, become satiated	Arabic
1044	ṣmˀ	to be thirsty	Hebrew
1044	ḏ̣mˀ	to be thirsty	Arabic
1046	ŝrp	to sip, to absorb	Hebrew
1046	šrb	to drink	Arabic
1047	ṭˁm	to taste	Hebrew
1047	ṭˁm	to taste	Arabic
1048	mar	to be bitter	Hebrew
1048	mrr	to be bitter	Arabic
1049	mtḳ	to be sweet	Hebrew
1049	mṭq	to smack one’s lips	Arabic
1050	ḥmṣ	to be leavened	Hebrew
1050	ḥōmäṣ	vinegar	Hebrew
1050	ḥmḍ	to be sour	Arabic
1051	mälaḥ	salt	Hebrew
1051	milḥ-	salt	Arabic
1053	šˀb	to draw water	Hebrew
1053	sˀb	to be satisfied with drinking	Arabic
1053	saˀb-	receptacle for liquids	Arabic
1054	dlw	to draw water with a bucket	Hebrew
1054	dlw	to draw water with a bucket	Arabic
1055	dəlī	bucket	Hebrew
1055	dalw-	bucket	Arabic
1057	ḥālāb	milk	Hebrew
1057	ḥalab-	milk	Arabic
1057	ḥalīb-	milk	Arabic
1060	gəbīnā	cheese	Hebrew
1060	ǯubnat-	cheese	Arabic
1062	šēkār	alcoholic drink	Hebrew
1062	sakar-	alcoholic drink	Arabic
1063	škr	to become inebriated	Hebrew
1063	skr	to become inebriated	Arabic
1064	ṭḥn	to grind	Hebrew
1064	ṭḥn	to grind	Arabic
1065	nāpā	sieve	Hebrew
1065	npy	(pi.) to fan, winnow, sift	Hebrew
1065	nafiyy-	kind of sieve made of palm leaves	Arabic
1067	ḳämaḥ	flour	Hebrew
1067	qamḥ-	wheat	Arabic
1068	lwš	to knead	Hebrew
1068	lwṯ	to roll a morsel of food in melted fat	Arabic
1069	ˀāpā	to bake	Hebrew
1069	mīfaⁿ	baking tray	Arabic
1070	šlḳ	to boil, cook	Hebrew
1070	slq	to boil, cook	Arabic
1071	bāšal	boil, seethe, grow ripe	Hebrew
1071	bšl	to grow ripe	Hebrew
1071	bšl	 to boil	Hebrew
1071	bsl	to boil unripe dates	Arabic
1072	māraḳ	broth	Hebrew
1072	maraq-	broth	Arabic
1072	maraq-	 gravysoup	Arabic
1073	mäläk	king	Hebrew
1073	malik-	king	Arabic
1080	yanšūp	ibis	Hebrew
1080	nussāf-	kind of bird similar to the swallow and provided with a very long beak	Arabic
1086	ˁṭp	to wrap, to fold	Hebrew
1086	ˁṭf	to wrap, to fold	Arabic
1091	dāhōn	fattening substance, urinsoaked dung	Hebrew
1091	duhn-	oil, grease	Arabic
1091	dahin-	oily, greasy	Arabic
1099	gap	the long portion of the wing	Hebrew
1099	gap	 arms, shoulders	Hebrew
1099	ǯff	agiter les ailes (se dit d'un oiseau qui couve) (to wave wings (said of a brooding bird)	Arabic
1099	ǯfǯf	s'agiter, hérisser ses plumes et lever les ailes, comme fait un oiseau qui couve ses oeufs, à l'approche d'un ennemi (to flutter, bristle its feathers and lift its wings, like a bird that incubates its eggs, when an enemy approaches)	Arabic
1101	gūpā	corpse	Hebrew
1101	ǯawf-	hollow, void space	Arabic
1101	ǯawf-	 interior of a house	Arabic
1101	ǯawf-	 belly	Arabic
1104	pdy	to buy out, to ransom, to redeem	Hebrew
1104	fdy	to buy out, to ransom	Arabic
1104	fdy	 to redeem	Arabic
1105	ˁăgālā	wagon, cart	Hebrew
1105	ˁaǯalat-	cart	Arabic
1106	bə	in, at	Hebrew
1106	bə	 with, through (instrumental)	Hebrew
1106	bə	 away from	Hebrew
1106	bi	by the means of	Arabic
1106	bi	 in	Arabic
1106	bi	 with	Arabic
1108	bˀš	to stink	Hebrew
1108	bəˀūšīm	sour, unripe berries	Hebrew
1108	bˀs	to be in a state of distress, poverty	Arabic
1108	biˀsa	very evil or bad is he!	Arabic
1109	bwš	be ashamed	Hebrew
1109	būšā, bōšät	shame	Hebrew
1109	bōšät	shame	Hebrew
1109	buhtān-	calumny, slander, false accusation	Arabic
1110	npḥ	to blow	Hebrew
1110	nfḥ	to diffuse (of odour)	Arabic
1110	nfḥ	 to blow (of wind)	Arabic
1110	nfḫ	to blow with mouth	Arabic
1113	ṭārī	fresh	Hebrew
1113	ṭrw	to be fresh, juicy, moist	Arabic
1114	ˀădāmā	earth, ground	Hebrew
1114	ˀadamat-	the interior of earth or ground	Arabic
1115	ˀä̆lōah	god	Hebrew
1115	ˀilāh-	god	Arabic
1115	ˀallāh-	God	Arabic
1117	ˀäšnāb	window	Hebrew
1117	nšb	to blow	Hebrew
1117	nsb	to be violent and drive along the dust and pebbles (about wind)	Arabic
1118	pwḥ	to fan, to waft through	Hebrew
1118	ypḥ	(hitp.) to gasp for breath, groan	Hebrew
1118	fḥḥ, fḫḫ	siffler (se dit des serpents)	Arabic
1118	fḥḥ, fḫḫ	 siffler en dormant (se dit d’un homme) (to whistle (said of snakes)	Arabic
1118	fḥḥ, fḫḫ	 to whistle while sleeping (said of a man)	Arabic
1118	fwḥ	to exhale odour	Arabic
1118	fwḫ	to rise, diffuse itself (wind, odour)	Arabic
1118	fwḫ	 to make a noise (wind)	Arabic
1118	fyḫ	to void excrement with an emission of wind	Arabic
1119	psḥ	to be lame, limp	Hebrew
1119	pissēaḥ	limping	Hebrew
1119	fsḫ	to dislocate, to remove from its place, to separate, to disperse	Arabic
1119	fsḫ	 to be weak in intellect and in body	Arabic
1119	fšḫ	avoir les membres du corps lâches, sans vigeur (to have loose body members, without vigor)	Arabic
1120	ˀäl	towards	Hebrew
1120	ˀilā	towards	Arabic
1121	ˁāḳār	infertile, with no descendants	Hebrew
1121	ˁqr	to be sterile, barren	Arabic
1121	ˁāqir-	barren, with no offspring (woman or man)	Arabic
1122	ˁim	together with	Hebrew
1122	ˁinda	by, near, close by, with, present with	Arabic
1122	maˁa	with	Arabic
1122	maˁaⁿ	together	Arabic
1123	ˁny	be wretched, emaciated	Hebrew
1123	ˁnw	to be humble, submissive	Arabic
1123	ˁnw	 to toil, to labor	Arabic
1125	bal	not	Hebrew
1125	bal	but, however, yet	Arabic
1126	bəlī, biltī	without	Hebrew
1126	bilā	without	Arabic
1127	gäpän	vine	Hebrew
1127	ǯafn-	grapevine, stock of vine	Arabic
1128	bny	to build	Hebrew
1128	bny	to build	Arabic
1129	gōzāl	turtledove	Hebrew
1129	ǯawzal-	young pigeon	Arabic
1131	ˁēnāb	grapes	Hebrew
1131	ˁinab-	grapes	Arabic
1132	ˁny	to sing	Hebrew
1132	γny	to sing	Arabic
1133	hălōm	hither	Hebrew
1133	halumma	up! get up! come!	Arabic
1134	ḥag	procession, round dance, festival	Hebrew
1134	ḥaǯǯ-	pilgrimage	Arabic
1135	ḥll	(hip.) to profane	Hebrew
1135	ḥll	(nip.) to be defiled	Hebrew
1135	ḥll	to become lawful, allowable, free	Arabic
1136	ḥäläd	lifespan	Hebrew
1136	ḥäläd	 world	Hebrew
1136	ḫuld-	the abode of the state of perpetual existence	Arabic
1137	kzb	to lie	Hebrew
1137	kḏb	to lie	Arabic
1139	ḳšy	to be heavy, hard	Hebrew
1139	qsw	to be harsh, cruel	Arabic
1140	layiš	lion	Hebrew
1140	layṯ-	lion	Arabic
1141	mägäd	excellence (of gifts of nature)	Hebrew
1141	maǯd-	glory, honor, dignity, nobility	Arabic
1142	məˁārā	cave	Hebrew
1142	maγārat-	cave	Arabic
1148	paḥ	trapping net	Hebrew
1148	faḫḫ-	trap, snare	Arabic
1149	pəlōnī	so and so, someone known	Hebrew
1149	fulān-	such a one, such a man, such a woman	Arabic
1150	rəbābā	a very great quantity, immense number	Hebrew
1150	ribbō(ˀ)	many, ten thousand	Hebrew
1150	ribbiyy-, rabbiyy-, rubbiyy-	ten thousand	Arabic
1150	rabw-, rubwat-, ribwat-, rubat-	ten thousand	Arabic
1151	rkk	to be soft	Hebrew
1151	rkk	to be weak, feeble	Arabic
1152	rṣṣ	to mistreat, oppress	Hebrew
1152	rḍḍ	to crush	Arabic
1153	ṣlḥ	to prosper, to be good for	Hebrew
1153	ṣlḥ	to be good	Arabic
1154	šˀr	to be remaining	Hebrew
1154	sˀr	to remain	Arabic
1155	šlw	to have rest, to be at ease	Hebrew
1155	šalwā	ease, rest	Hebrew
1155	slw	to be forgetful	Arabic
1155	slw	 to be free from anxiety	Arabic
1155	salwat-	content, happiness, comfort	Arabic
1156	šwy	to be equal	Hebrew
1156	swy	to be equal, even, flat, plain	Arabic
1157	ŝˁr	to know	Hebrew
1157	šˁr	to learn, to realize	Arabic
1158	ŝkr	to hire	Hebrew
1158	škr	to recompense, to reward one’s work	Arabic
1159	ŝimlā	outer garment, cloak	Hebrew
1159	šamlat-	a type of garment	Arabic
1160	ŝnˀ	to hate	Hebrew
1160	šnˀ	to hate	Arabic
1161	ŝrd	to run away, to escape	Hebrew
1161	ŝārīd	someone fleeing in battle	Hebrew
1161	šrd	to take fright and flee, to run away at random	Arabic
1162	ṭmˀ	to be ceremonially unclean	Hebrew
1162	ṭmˀ	to be unclean (a woman during menstruation)	Arabic
1163	šām, šammā	there	Hebrew
1163	ṯamma	there	Arabic
1165	šwb	to return	Hebrew
1165	ṯwb	to return	Arabic
1166	yˁṣ	to advise	Hebrew
1166	wˁḏ̣	to advise, to admonish	Arabic
1167	ysd	to found, establish	Hebrew
1167	yəsōd	foundation	Hebrew
1167	mōsād	foundation	Hebrew
1167	wisād-	pillow	Arabic
1167	wisād-	 a thing upon which one reclines or rests	Arabic
1168	yātēd	wooden peg	Hebrew
1168	watid-	wooden pin, peg	Arabic
1169	yaḥmūr	roebuck	Hebrew
1169	yaḥmūr-	deer, roebuck	Arabic
1170	ˀšm	to be guilty	Hebrew
1170	ˀṯm	to fall into sin, to do what is unlawful	Arabic
1170	ˀaṯām-	sin, crime, fault	Arabic
1170	ˀiṯm-	sin, crime, fault	Arabic
1171	ˁzr	to help	Hebrew
1171	ˁḏr	to excuse, to free, to exempt from blame	Arabic
1172	zāhāb	gold	Hebrew
1172	ḏahab-	gold	Arabic
1173	gādēr	drystone wall	Hebrew
1173	ǯadr-	wall	Arabic
1173	ǯidār-	wall	Arabic
1173	ǯadīrat-	enclosure for camels	Arabic
1174	gan	garden	Hebrew
1174	gannā	garden	Hebrew
1174	ǯannat-	garden	Arabic
1175	gnn	to enclose, to fence, to protect	Hebrew
1175	ǯnn	to veil, to conceal, to cover, to protect	Arabic
1176	ḥbš	to wind round, to wrap, to bind up	Hebrew
1176	ḥbs	to shut in, to imprison	Arabic
1177	ḥmd	to desire, to take pleasure in	Hebrew
1177	ḥämäd	loveliness, beauty	Hebrew
1177	ḥämdā	desirable, precious things	Hebrew
1177	ḥmd	to praise	Arabic
1178	ḥpṣ	to take pleasure in, to desire	Hebrew
1178	ḥpṣ	 to be willing, to feel inclined	Hebrew
1178	ḥfḏ̣	to keep, to preserve, to take care of	Arabic
1179	yāḥēp	barefoot	Hebrew
1179	ḥfy	to go barefoot	Arabic
1180	ḥōr	free, noble one	Hebrew
1180	ḥurr-	freeborn	Arabic
1181	ḥäräb	sword	Hebrew
1181	ḥarb-	war	Arabic
1181	ḥarbat-	dart, javelin	Arabic
1182	ḥmr	to foam	Hebrew
1182	ḫmr	to make dough ferment	Arabic
1183	ḥūṭ	thread	Hebrew
1183	ḫayṭ-	thread	Arabic
1184	kōhēn	priest	Hebrew
1184	kāhin-	seer, soothsayer, magician, wizard, priest	Arabic
1185	ktb	to write	Hebrew
1185	ktb	to write	Arabic
1187	ḳrˀ	to call	Hebrew
1187	qrˀ	to call, to read, to recite	Arabic
1188	ḳärät	city	Hebrew
1188	ḳiryā	town, village	Hebrew
1188	qaryat-	village, small town	Arabic
1189	ḳrˀ	to meet	Hebrew
1189	ḳry	to meet	Hebrew
1189	qrˀ	to collect, to put together	Arabic
1189	qry	to collect	Arabic
1190	mnˁ	to hold back	Hebrew
1190	mnˁ	to hinder, prevent	Arabic
1192	naˁal	sandal	Hebrew
1192	naˁl-	sandal	Arabic
1194	nḥl	to maintain as a possession	Hebrew
1194	naḥălā	inalienable, hereditary property	Hebrew
1194	nḥl	to give	Arabic
1195	nḳm	to take revenge	Hebrew
1195	nqm	to take revenge	Arabic
1196	nḳy	to be clean	Hebrew
1196	nqy	to be clean	Arabic
1197	nṣb	(nip.) to place onself	Hebrew
1197	nṣb	 (hip.) to place, to set up	Hebrew
1197	yṣb	(hitp.) to take one’s stand	Hebrew
1197	nṣb	to set up, to set upright	Arabic
1197	wṣb	to be fixed, settled, firm	Arabic
1198	nšm	to pant, puff	Hebrew
1198	nsm	to breathe	Arabic
1199	rgm	to stone	Hebrew
1199	rǯm	to stone	Arabic
1199	rǯm	to place a stone on one’s grave	Arabic
1199	raǯam-	stones that are placed upon a grave	Arabic
1200	rnn	to call loudly, shrilly	Hebrew
1200	rnn	to shout	Arabic
1201	ṣwd	to hunt	Hebrew
1201	ṣayid	game	Hebrew
1201	ṣyd	to hunt, to fish	Arabic
1202	šby	to take captive	Hebrew
1202	sby	to take captive	Arabic
1204	škn	to settle	Hebrew
1204	skn	be be calm, to dwell	Arabic
1205	tmm	to be completed, finished	Hebrew
1205	tmm	to be complete	Arabic
1207	ŝyb	to be grey headed, old	Hebrew
1207	šyb	to become whitehaired, hoary	Arabic
1210	ṣḥḳ	to laugh	Hebrew
1210	ŝḥḳ	to laugh	Hebrew
1210	ḍḥk	to laugh	Arabic
1211	tōpät	spittle, expectoration	Hebrew
1211	tff	cracher (to spit)	Arabic
1211	mtfft	crachat (spit)	Arabic
1213	zny	to commit fornication	Hebrew
1213	zny	to commit adultery	Arabic
1224	däbär	bubonic plague	Hebrew
1224	dabl-	plague, pestilence	Arabic
1224	dbr	to go backward, to a bad state	Arabic
1224	dbr	 to die	Arabic
1224	dabr-	death	Arabic
1224	dibār-	(pl.) malheur, adversité, infortune (misfortune, adversity)	Arabic
1224	dabarat-	toux, coqueluche (cough, whooping cough)	Arabic
1224	dabarat-	plaie, ulcère au dos d’un chameau (wound, ulcer on the back of a camel)	Arabic
1227	dōpān	the chest surrounding the lungs	Hebrew
1227	dōpān	 ribs	Hebrew
1227	dōpān	 a single rib	Hebrew
1227	dōpān	 the parties of the abdomen	Hebrew
1227	dōpān	 boardpartition	Hebrew
1227	daff-, daffat-	side	Arabic
1227	dafāˀ-	dos voûté, bossu (hunched back, hunchback)	Arabic
1228	gabbōt ˁēnayim	eyebrows	Hebrew
1228	gab	eyebrow	Hebrew
1228	gab	 the elevation around genitals	Hebrew
1228	ǯubbat-	bone that forms the eye socket	Arabic
1230	gibbēn	one having defective eyebrow (?)	Hebrew
1230	ˀal-ǯabīnāni	the two ends of the forehead	Arabic
1232	gūdāl	thumb, great toe	Hebrew
1232	ǯadl-, ǯidl-	limb	Arabic
1232	ǯadl-, ǯidl-	 complete bone	Arabic
1232	ǯadl-, ǯidl-	 penis	Arabic
1233	bll	to moisten	Hebrew
1233	bll	 to mix up, to confound	Hebrew
1233	blbl	to scatter, to disperse	Arabic
1233	bll	to moisten	Arabic
1239	bṭl	to cease working	Hebrew
1239	bṭl	to be false, untrue, wrong	Arabic
1241	ˀāz	then	Hebrew
1241	ˀiḏ	when	Arabic
1241	ˀiḏā	when, then	Arabic
1242	ˁōd	(he is) still	Hebrew
1242	ˁād(a)	(he is) still	Arabic
1243	ˁgb	to desire sensously	Hebrew
1243	ˁăgābā	passion	Hebrew
1243	ˁǯb	to wonder	Arabic
1243	ˁǯb	 to love, to like	Arabic
1244	məˁuḳḳāl	(pu. part.) crooked	Hebrew
1244	ˁql	to bind a camel	Arabic
1245	ˁwd	to surround	Hebrew
1245	ˁwd	to return	Arabic
1248	ˁzz	to be strong	Hebrew
1248	ˁzz	to be mighty, powerful, strong	Arabic
1249	baˁad	behind, out of, for	Hebrew
1249	baˁda	after, behind	Arabic
1252	byn	to understand	Hebrew
1252	bīnā	understanding	Hebrew
1252	byn	to be clear, evident	Arabic
1252	byn	to explain	Arabic
1253	bēn	between	Hebrew
1253	bayit	between	Hebrew
1253	bayna	between, amidst, among	Arabic
1255	gēb	pit, ditch	Hebrew
1255	ǯubb-	well, pit	Arabic
1259	gyl	to form a circle	Hebrew
1259	ǯwl	to go round	Arabic
1260	gēr	protected citizen, stranger	Hebrew
1260	gwr	to dwell as alien	Hebrew
1260	ǯār-	neighbour	Arabic
1261	gzr	to cut	Hebrew
1261	ǯzr	to cut off	Arabic
1264	ḥädär	dark room	Hebrew
1264	ḫidr-	a chamber that conceals a person	Arabic
1265	ḥkm	to be wise	Hebrew
1265	ḥkm	to give judgment	Arabic
1265	ḥkm	 to order, to decree	Arabic
1265	ḥkm	 to be wise	Arabic
1265	ḥkm	 to prevent, to restrain, to withold from evil	Arabic
1266	ḥēk	palate	Hebrew
1266	ḥanak-	palate, soft palate	Arabic
1267	ḥrm	(hip.) to put under a ban	Hebrew
1267	ḥrm	to be forbidden, prohibited	Arabic
1269	ḥṭb	to gather firewood	Hebrew
1269	ḥṭb	to collect firewood	Arabic
1270	ḥayil	power	Hebrew
1270	ḥawl-	strength, power, might	Arabic
1270	ḥayl-	strength, power, might	Arabic
1271	ḥbˀ	to hide	Hebrew
1271	ḫbˀ	to hide, to conceal	Arabic
1272	ḥlp	to pass on, to pass away	Hebrew
1272	ḥlp	 (hip.) to change, to substitute	Hebrew
1272	ḫlf	to follow, to succeed	Arabic
1273	ḥsr	to decrease	Hebrew
1273	ḫsr	to suffer loss or diminution	Arabic
1274	kārā	hollow out, dig	Hebrew
1274	kry	to dig	Arabic
1276	ḳbl	(pi.) to accept, to receive	Hebrew
1276	qbl	to receive, to accept	Arabic
1276	qablu	before	Arabic
1277	ḳōl	voice	Hebrew
1277	qawl-	thing said	Arabic
1279	ḳälaˁ	sling	Hebrew
1279	ḳlˁ	to sling stones	Hebrew
1279	miqlāˁ-	sling	Arabic
1281	ḳayiṣ	summer	Hebrew
1281	ḳayiṣ	 summer fruit	Hebrew
1281	ḳayiṣ	 summer harvest	Hebrew
1281	qayḏ̣-	most intensive heat of summer	Arabic
1282	miḳnǟ	livestock	Hebrew
1282	ḳny	to acquire, buy	Hebrew
1282	qinwat-	sheep or goats acquired as permanent possession	Arabic
1282	qny	to gain, to acquire	Arabic
1284	mhr	(pi.) to hasten	Hebrew
1284	mhr	 to fetch quickly	Hebrew
1284	māhīr	skilful, experienced	Hebrew
1284	mhr	to be skilled, expert	Arabic
1285	mōhar	bridemoney	Hebrew
1285	mahr-	dowry, nuptial gift	Arabic
1286	mḥw	to wipe clean	Hebrew
1286	mḥw	to erase, efface	Arabic
1287	min	from, out of	Hebrew
1287	min	from	Arabic
1288	nky	(hip.) to strike, to smite	Hebrew
1288	nky	to be defeated (an enemy)	Arabic
1289	näpäš	breath	Hebrew
1289	näpäš	 soul	Hebrew
1289	näpäš	 life	Hebrew
1289	näpäš	 living being	Hebrew
1289	nafs-	soul, spirit	Arabic
1289	nafs-	 self	Arabic
1290	nšy	to forget	Hebrew
1290	nsy	to forget	Arabic
1291	nāˀ	raw, underdone (meat)	Hebrew
1291	nā	raw, underdone (meat)	Hebrew
1291	nyˀ	to be unsufficiently cooked	Arabic
1292	ply	(nip.) be treated specially, be excellent	Hebrew
1292	flw	separate from sucking, wean	Arabic
1293	prŝ	to spread out	Hebrew
1293	firāš-	a thing that is spread upon the ground	Arabic
1293	frš	to spread	Arabic
1293	farš-	carpet, mattress	Arabic
1295	ptt	to crumble	Hebrew
1295	ftt	crumble, break sth into small pieces	Arabic
1297	ḳsm	to seek divination, to predict	Hebrew
1297	qsm	to seek to know what was allotted to him by means of divinatory arrows	Arabic
1298	ḳṣr	to be short	Hebrew
1298	qṣr	to be or become short	Arabic
1299	malˀāk	messenger	Hebrew
1299	məlāˀkā	business, work	Hebrew
1299	məlākā	business, work	Hebrew
1299	ˀlk	to act as a messenger	Arabic
1300	lābān	white	Hebrew
1300	laban-	milk	Arabic
1301	ptw	to be simple, inexpert, gullible	Hebrew
1301	ptw	 (pi.) to seduce	Hebrew
1301	fataⁿ	a youth	Arabic
1302	rḥb	open oneself wide	Hebrew
1302	rḥb	 hip: make wide, extensive	Hebrew
1302	rḥb	to be spacious, ample	Arabic
1303	rāˁāb	hunger	Hebrew
1303	raγab-	desire	Arabic
1304	rḳm	to embroider	Hebrew
1304	rqm	to mark, to variegate a piece of cloth	Arabic
1304	rqm	 to write	Arabic
1305	rōmaḥ	lance, spear	Hebrew
1305	rumḥ-	spear, lance	Arabic
1306	rpˀ	to heal	Hebrew
1306	rfˀ	to reconcile, to appease, to calm	Arabic
1306	rifāˀ-	concord, tranquility	Arabic
1308	rṣy	to take pleasure in, be favourable to someone, be well disposed	Hebrew
1308	rḍw	to be pleased, content, satisfied	Arabic
1311	bōdēd	solitary	Hebrew
1311	bādād	solitude	Hebrew
1311	bdd	to part one’s legs	Arabic
1311	bdd	 to retire, to withdraw	Arabic
1311	bdd	to separate, to disperse, to dissipate	Arabic
1312	bšr	(pi.) to bring good tidings	Hebrew
1312	bšr	to bring good tidings	Arabic
1314	btr	to cut in pieces	Hebrew
1314	btr	to cut off	Arabic
1316	prs	to break bread	Hebrew
1316	prš	to give a clear decision	Hebrew
1316	frs	to break, to crush, to bruise	Arabic
1318	päräṭ	grapes that have fallen in a vineyard	Hebrew
1318	prṭ	to open wide, split	Hebrew
1318	frṭ	to go before, to precede the people or company of men	Arabic
1319	pēˀā	side, edge	Hebrew
1319	pōt	brow, forehead	Hebrew
1319	fiˀat-	troop (of men)	Arabic
1323	prd	to separate, to diverge	Hebrew
1323	frd	to become sole, single	Arabic
1324	ṣpn	to hide	Hebrew
1324	ṣafn-	round piece of skin or leather in which food is put	Arabic
1324	ṣafn-	 faucial bag of the camel	Arabic
1324	ṣafan-	a thing in which are put goods or utensils	Arabic
1324	ṣafan-	 the scrotum	Arabic
1324	ṣafan-	 the envelope of the ear of corn	Arabic
1325	pṣṣ	to break into pieces	Hebrew
1325	fḍḍ	to break asunder	Arabic
1326	ptḥ	(pi.) to break open arable soil, to dig furrows	Hebrew
1326	ftḥ	to open	Arabic
1328	ptḥ	(pi.) to engrave	Hebrew
1328	fatḫat-	a ring without a stone	Arabic
1329	pātīl	tied on (adj.)	Hebrew
1329	pātīl	 thread (subst.)	Hebrew
1329	ptl	(nip.) to be entangled with one another, to wrestle	Hebrew
1329	ptl	 to be tortuous, astute	Hebrew
1329	ftl	to twist	Arabic
1330	päṭär	firstborn	Hebrew
1330	fṭr	to cleave, to split	Arabic
1330	fṭr	 to begin, to originate (trans.)	Arabic
1341	zayip	bristles	Hebrew
1341	zayip	 eyebrows	Hebrew
1341	zabb-, zabab	abundance of hair	Arabic
1343	ˀōt	sign	Hebrew
1343	ˀāyat-	sign	Arabic
1344	ḥyy	to live	Hebrew
1344	ḥyw	to live	Arabic
1344	ḥayawān	animal	Arabic
1345	ḥlḳ	to divide, to apportion, to give a share	Hebrew
1345	ḫlq	to measure, to proportion	Arabic
1347	lə	to, toward (preposition)	Hebrew
1347	li	to, toward, for	Arabic
1350	rwḥ	to smell	Hebrew
1350	rwḥ	to breathe	Arabic
1351	sḥb	to drag away	Hebrew
1351	sḥb	to drag, to draw along	Arabic
1352	str	(nip.) to hide oneself	Hebrew
1352	str	 (hip.) to hide	Hebrew
1352	str	to cover, to hide, to protect	Arabic
1353	šḥt	(nip.) to be ruined, spoiled	Hebrew
1353	sḥt	to destroy utterly	Arabic
1353	suḥt-	a thing that is forbidden, prohibited	Arabic
1355	šāwˀ	worthless	Hebrew
1355	šāw	worthless	Hebrew
1355	swˀ	to be evil, bad	Arabic
1356	šyḥ	to melt away	Hebrew
1356	syḥ	to run upon the surface of the earth	Arabic
1357	ṣˁḳ	to shout, call out	Hebrew
1357	ṣˁq	to smite with a thunder	Arabic
1358	ṣdḳ	to be right	Hebrew
1358	ṣdq	to tell truth	Arabic
1359	ṣhl	to neigh	Hebrew
1359	ṣhl	to neigh	Arabic
1361	ŝōk	branches, twigs	Hebrew
1361	ŝikkā	thorn	Hebrew
1361	šawk-	thorns, prickles, spines	Arabic
1365	ṣəpīrā	thread, wreath	Hebrew
1365	ḍfr	to plait, to braid	Arabic
1366	täläm	furrow in a field	Hebrew
1366	talam-	furrow	Arabic
1368	ṭhr	to be clean	Hebrew
1368	ṭhr	to be clean, pure	Arabic
1368	ṭāhir	clean, pure	Arabic
1369	ṭal	dew, light rain	Hebrew
1369	ṭall-	light, weak rain	Arabic
1369	ṭall-	 dew	Arabic
1372	ṣohŏrayim	noon	Hebrew
1372	ḏ̣uhr-	midday, noon	Arabic
1377	bwˀ	to come	Hebrew
1377	bwˀ	 to enter	Hebrew
1377	bwˀ	to return, to come back	Arabic
1378	pˁr	to open the mouth	Hebrew
1378	fγr	to open one's mouth	Arabic
1379	bḥr	to examine	Hebrew
1379	bḥr	 to choose	Hebrew
1379	bāḥūr	young, fullygrown, vigorous man	Hebrew
1379	bḥr	to cut, to slit, to divide	Arabic
1380	bhr	(hip.) to shine, to be bright	Hebrew
1380	bahärät	white spot on the skin	Hebrew
1380	bhr	to shine brightly	Arabic
1383	bayit	house, dwelling place	Hebrew
1383	bayt-	house, tent	Arabic
1384	ˀwš	to grant, to reward	Hebrew
1384	ˀws	to offer a present	Arabic
1384	ˀaws-	gift	Arabic
1387	kə	like, as	Hebrew
1387	kə	 as many as, about	Hebrew
1387	kə	 according to	Hebrew
1387	ka-	like, in the manner of	Arabic
1389	kəmō	like, as	Hebrew
1389	kamā	de même que (in the same manner as)	Arabic
1390	ˁal	on, over	Hebrew
1390	ˁalā	upon, over	Arabic
1390	ˁalā	 notwithstanding	Arabic
1390	ˁalā	 on account of	Arabic
1390	ˁalā	 in the time of	Arabic
1390	ˁalā	 according to, in conformity to	Arabic
1390	ˁalā	 on the condition of	Arabic
1391	ˁāmāl	trouble, labour, toil	Hebrew
1391	ˁāmāl	 anxiety	Hebrew
1391	ˁāmāl	 need	Hebrew
1391	ˁamal	labor, work, servise	Arabic
1391	ˁamal	 deed, action	Arabic
1393	māˁōn	refuge	Hebrew
1393	māˁōn	 habitation	Hebrew
1393	ˁwn	to help	Arabic
1394	brˀ	to create	Hebrew
1394	bry	to form, to fashion by cutting, to shape out	Arabic
1397	zrḥ	to rise (sun)	Hebrew
1397	ḏarāḥ-	milk mixed with a larger quantity of water	Arabic
1397	ˀaḥmaru ḏarīḥiyyun	intensively red	Arabic
1407	ḥäbäl	rope, cord, snares	Hebrew
1407	ḥabl-	rope, cord	Arabic
1408	ḥēpäṣ	joy, delight	Hebrew
1408	ḥēpäṣ	 wish	Hebrew
1408	ḥēpäṣ	 matter, business	Hebrew
1408	ḥifḏ̣-	care, attention	Arabic
1411	minḥā	gift, present	Hebrew
1411	minḥat-	a loan, a gift	Arabic
1417	nəšāmā	spirit, soul	Hebrew
1417	nasamat-	soul	Arabic
1428	šälaḥ	hide, fresh skin	Hebrew
1428	salḫ-	skin or hide that is stripped off	Arabic
1438	ḳyṣ	to wake up	Hebrew
1438	yḳṣ	to awake	Hebrew
1438	yqḏ̣	to wake up	Arabic
1438	yqḏ̣	 to be alert, to be not sleeping	Arabic
1448	mäzäg	mixed wine, spiced wine	Hebrew
1448	mzǯ	to mix, mingle, blend (thing with water, wine or something else)	Arabic
1450	ˀēt	nota accusativi	Hebrew
1450	ˀiyyā-	nota accusativi	Arabic
1478	ˀaṣṣīl	joint, armpit	Hebrew
1478	wiṣl-, wuṣl-	limb	Arabic
1494	sənappīr	cilia, fin	Hebrew
1494	šafr-, šufr-	place of growth of the eyelash	Arabic
1499	mošzār	(hop. part.) twisted	Hebrew
1499	šzr	to twist the rope, or cord, from the left	Arabic
1501	ˁzb	to leave, abandon	Hebrew
1501	ˁzb	 to leave behind	Hebrew
1501	ˁzb	 to let go	Hebrew
1501	ˁzb	to be distant, remote, absent	Arabic
1509	bāmā, bomŏtē	back, breast, torso	Hebrew
1509	bannūdat-	dos, derrière (back, behind)	Arabic
1511	hū(ˀ)	he	Hebrew
1511	huwa	he	Arabic
1512	hī(ˀ)	she	Hebrew
1512	hiya	she	Arabic
1513	ˀattäm	you (masc. pl.)	Hebrew
1513	ˀantum	you (pl. masc.)	Arabic
1521	goren	threshing floor	Hebrew
1521	ǯurn-, ǯirn-, ǯarīn-	threshing floor	Arabic
1521	ǯurn-, ǯirn-, ǯarīn-	 place where fruits are dried	Arabic
1521	ǯurn-, ǯirn-, ǯarīn-	 stone basin	Arabic
1533	ˀattēn	you (fem. pl.)	Hebrew
1533	ˀattēnā	you (fem. pl.)	Hebrew
1533	ˀantunna	you (pl. fem.)	Arabic
1534	hēm	they (masc.)	Hebrew
1534	hēmmā	they (masc.)	Hebrew
1534	hum	they (masc.)	Arabic
1535	hēn	they (fem.)	Hebrew
1535	hēnnā	they (fem.)	Hebrew
1535	hunna	they (fem.)	Arabic
1557	ˀē	where?	Hebrew
1557	ˀayy-	who, which, what	Arabic
1558	ˀēllǟ	these	Hebrew
1558	ˀulāˀi	these	Arabic
1559	ḥeṣ	arrow	Hebrew
1559	ḥaḏ̣w-at-	a small arrow	Arabic
1559	ḥuḏ̣w-at-	a small arrow	Arabic
1559	ḥiḏ̣w-at-	a small arrow	Arabic
1568	-nū	our	Hebrew
1568	-nū	 us (genitive and accusative pronominal suffix, 1 pl.)	Hebrew
1568	-nā	our	Arabic
1568	-nā	 us (genitive and accusative pronominal suffix, 1 pl.)	Arabic
1571	ḥārūṣ	gold	Hebrew
1571	ḫurṣ-	a ring of gold or silver, an earring	Arabic
1571	ḫirṣ-	a ring of gold or silver, an earring	Arabic
1572	lḥm	to fight	Hebrew
1572	milḥāmā	war	Hebrew
1572	lḥm	to join together VIII. to become consolidated, closed up	Arabic
1573	ṣbṭ	to seize	Hebrew
1573	ḍbṭ	to take, hold	Arabic
1573	ḍbṭ	 to withhold, restrain	Arabic
1573	ḍbṭ	 to keep, preserve,  guard, take care of	Arabic
1578	ṣāˁīr	the smaller one, the younger one	Hebrew
1578	ṣγr	to be or become little,  small	Arabic
1582	ṣāḥōr	reddishgray	Hebrew
1582	ṣḥr	to dry up, to become yellow	Arabic
1582	ṣaḥīrat-	milk into which heated stones are thrown	Arabic
1590	ˁmd	go up before, stand up	Hebrew
1590	ˁmd	 to stand	Hebrew
1590	ˁmd	 to be motionless	Hebrew
1590	ˁmd	to support, to stay sth	Arabic
1591	ṣāˁīp	wrap, veil	Hebrew
1591	ḍˁf	to double	Arabic
1593	plṭ	to escape	Hebrew
1593	flt	to escape	Arabic
1594	bly	to be worn out	Hebrew
1594	būl	wood block (as fuel)	Hebrew
1594	bly	to be old, wornout	Arabic
1597	gmr	to come to an end	Hebrew
1597	ǯmr	to collect	Arabic
1598	ḥdd	to be quick	Hebrew
1598	ḥdd	 (hip.) to sharpen	Hebrew
1598	ḥdd	to edge, to sharpen	Arabic
1605	ḳṭp	to pluck off (twigs, ears of corn)	Hebrew
1605	qṭf	to collect fruits	Arabic
1606	lbš	to wear	Hebrew
1606	lbs	to put on, to wear	Arabic
1607	meā	hundred	Hebrew
1607	miˀat-	hundred	Arabic
1608	šˀl	to ask	Hebrew
1608	šˀl	 to beg for, to demand	Hebrew
1608	sˀl	to ask, inquire	Arabic
1608	sˀl	 to ask or demand for something	Arabic
1613	ṭbḥ	to slaughter	Hebrew
1613	ṭbḥ	 to kill off	Hebrew
1613	ṭbḫ	to cook	Arabic
1615	ṭwl	(hip.) to throw far	Hebrew
1615	ṭwl	to be elongated, extended, long	Arabic
1616	ˁōz	name of a bird, prob. black eagle	Hebrew
1616	ˁazīzat-	eagle	Arabic
1617	bā(ˀ)wāt	nightbird, owl	Hebrew
1617	būh-, būm-	owl	Arabic
1626	noˁŏmīt	ostrich	Hebrew
1626	naˁāmat-	ostrich	Arabic
1631	nāḥīl	beehive, also the bees of a hive	Hebrew
1631	nāḥīl	 swarm	Hebrew
1631	naḥl-	bee	Arabic
1631	naḥl-	 bees	Arabic
1632	ḥōl	phoenix	Hebrew
1632	ˀaḫyal-	white hawk regarded as of evil omen	Arabic
1638	därän	name of a parasite worm (found in the sheep's head)	Hebrew
1638	daran-	tumeurs dures sur le corps, qui proviennent ordinairement de l'atrabile, comme dans la lèpre (applied to a camel means mangy, or scabby)	Arabic
1639	dāˀā	red kite	Hebrew
1639	dayyā	unclean bird of prey (frequenting ruins)	Hebrew
1639	daˀyat-	épithète du corbeau (epithet of the raven)	Arabic
1641	nēṣ	falcon	Hebrew
1641	naṣṣat-	female sparrow	Arabic
1644	däšän	fatness	Hebrew
1644	dōšän	fat pasture ground	Hebrew
1644	dsm	être gras (to be fat)	Arabic
1644	dasam­-	qualité d'un aliment gras (quality of a fatty food)	Arabic
1644	ˀadsam-	très gras (very fat)	Arabic
1648	pišpāš	bedbug	Hebrew
1648	fasfas-, fisfisat-	bedbug	Arabic
1654	bky	to weep	Hebrew
1654	bky	to weep	Arabic
1669	dərōr	a kind of bird (swallow, dove)	Hebrew
1669	durr-at-	perroquet (parrot)	Arabic
1669	durr-at-	 la perruche a collier couleur de rose (the rosecoloured parakeet)	Arabic
1672	ḥāgar	to gird	Hebrew
1672	ḥǯr	to make an enclosure	Arabic
1675	rāˀā	red kite	Hebrew
1675	rahw-	crane	Arabic
1677	ŝəlāw	quail	Hebrew
1677	salwā	quail	Arabic
1680	sūs	horse	Hebrew
1680	sīsiyy-	pony	Arabic
1684	gōbay	swarm of locust	Hebrew
1684	ǯābiˀ-	the locust	Arabic
1684	ǯābiˀ-	 locusts	Arabic
1686	šālāk	an unclean bird	Hebrew
1686	silkānat-	young one of partridge	Arabic
1687	ŝəmāmīt	gecko	Hebrew
1687	sāmm-	kind of big lizard	Arabic
1691	šəpīpōn	horned viper	Hebrew
1691	siff-	serpent	Arabic
1691	siff-	 kind of snake with black and white spots	Arabic
1695	gäsäs	side, arm	Hebrew
1695	ǯaˀš-	coeur, âme, esprit (heart, soul, spirit)	Arabic
1695	ǯuˀšūš-	poitrine (breast)	Arabic
1695	ǯašš-	milieu du dos, vertèbres (d'une bête de somme) (middle of the back, chine)	Arabic
1695	ǯawš-	poitrine	Arabic
1695	ǯawš-	 milieu (du corps de l'homme) (chest	Arabic
1695	ǯawš-	 midsection)	Arabic
1695	ǯūš-	poitrine (chest)	Arabic
1697	ṣōṣāl	dove	Hebrew
1697	ṣulṣul-	woodpigeon, wild dove	Arabic
1705	ḥōb	bosom	Hebrew
1705	ḥawbāˀ-	chest	Arabic
1706	gūr	cub (lion, jackal)	Hebrew
1706	ǯarw-, ǯirw-, ǯurw	petit de chien, de lion ou de toute autre bête carnassière (whelp of a dog, lion or any other carnivorous animal)	Arabic
1711	šībay	a species of spider	Hebrew
1711	šabāt-	scorpion (newly hatched)	Arabic
1711	šabāt-	 young scorpion	Arabic
1713	ṣī	animals of the desert	Hebrew
1713	ḍaywan-	tomcat	Arabic
1721	yōbēl	ram	Hebrew
1721	wābilat-	small camels or lambs	Arabic
1721	wābilat-	 young of a herd made up of camels or sheep	Arabic
1723	yaˁărā	kid	Hebrew
1723	yaˁr-	kid	Arabic
1723	yaˁr-	 kid that is tied up or thrown into a pit to attract a lion or a wolf	Arabic
1724	zämär	kind of gazelle	Hebrew
1724	zmr	to flee (said of a gazelle)	Arabic
1725	zarzīr	rooster	Hebrew
1725	zurzur-	starling	Arabic
1726	zīz	a small creatures that ruin the fields	Hebrew
1726	zīz-	grasshopper	Arabic
1739	brr	to purge out	Hebrew
1739	brr	to be good, pious	Arabic
1743	prḥ	to sprout, to shoot	Hebrew
1743	frḫ	to produce many offsets or shoots (trees)	Arabic
1746	prḳ	to tear off, to tear away	Hebrew
1746	frq	to make a separation	Arabic
1747	prm	to tear to pieces	Hebrew
1747	frm	couper en petits morceaux (to cut into small pieces)	Arabic
1749	prpr	to shake, to tug about	Hebrew
1749	prr	(po.) to stir, to rouse	Hebrew
1749	prr	  (hitpo.) to totter backwards and forwards	Hebrew
1749	frfr	to put in a state of commotion, agitation	Arabic
1750	ḥulyā	limb	Hebrew
1750	ḥulyā	 vertebra of the spinal column	Hebrew
1750	ḥulyā	 link	Hebrew
1750	ḥāl-	back of the horse	Arabic
1750	maḥāl-, maḥālat-	mid back, vertebra	Arabic
1752	ḥălāṣayim	loins	Hebrew
1752	ḥawṣal-	gizzard (of some birds)	Arabic
1752	ḥawṣal-	 which has a big belly above the navel	Arabic
1760	ḥäräṣ	loin	Hebrew
1760	ḥirṣiyān	inner wall of belly skin	Arabic
1764	bat	woven dress	Hebrew
1764	batt-	a garment	Arabic
1766	bərēkā	pool	Hebrew
1766	birkat-	basin, pool, pond	Arabic
1770	bḳˁ	to split, to cleave	Hebrew
1770	baqˁat-	a place in which water remains and stagnates	Arabic
1775	ḥarṭōm	nose, beak	Hebrew
1775	ḫurṭūm-, ḫurṭūm-	nose, tip of the nose, trunk of the elephant, etc.	Arabic
1777	bˁt	(nip.) to be gripped by a sudden fear	Hebrew
1777	bˁt	 (pi.) to terrify, to frighten	Hebrew
1777	bγt	to happen suddenly, unexpectedly	Arabic
1777	bγt	 to surprise	Arabic
1779	gōmäd	a linear measure, short cubit	Hebrew
1779	kumuddat-	penis	Arabic
1780	ḳōrē(ˀ)	partridge	Hebrew
1780	qāriy-at-	kind of bird with short legs, long beak and green back plumage	Arabic
1781	ḳäräṣ	a disturbing insect	Hebrew
1781	qāriṣ-	a kind of biting insect	Arabic
1784	bar	open field	Hebrew
1784	barr-	land	Arabic
1784	barr-	 desert	Arabic
1784	barr-	 open country	Arabic
1791	näpäš	throat	Hebrew
1791	nafas-	sip, gulp	Arabic
1795	ḥōḳ	prescription, rule	Hebrew
1795	ḥaqq-	prescription, rule	Arabic
1796	ləbōnā	storax tree	Hebrew
1796	lubn-	tree	Arabic
1798	pāḳam	to prick an animal's mouth with the bit	Hebrew
1798	fuqum-	mouth	Arabic
1799	nŝˀ	carry, lift up	Hebrew
1799	nšˀ	to grow up, to become elevated, to occur	Arabic
1800	mapräḳät	neck	Hebrew
1800	faqrat-	vertebra	Arabic
1804	pīmā	fat	Hebrew
1804	fˀm	to widen	Arabic
1804	fˀm	 to fill a vessel	Arabic
1804	fˀm	 to become full of fat	Arabic
1805	plg	(nip.) to be separated	Hebrew
1805	plg	 (pi.) to split, to make a furrow	Hebrew
1805	flǧ	to divide	Arabic
1807	plḥ	to split, to cleave	Hebrew
1807	flḥ	to cleave, to split	Arabic
1808	pnḳ	(pi.) to pamper, to spoil	Hebrew
1808	fnq	to enjoy a soft, delicate life	Arabic
1809	pōl	bean	Hebrew
1809	fūl-	beans	Arabic
1813	pṣm	to crack, to split	Hebrew
1813	fṣm	to break, to crack	Arabic
1816	ŝbr	to test, to investigate	Hebrew
1816	ŝbr	  (pi.) to hope, to wait	Hebrew
1816	sbr	to probe the wound	Arabic
1816	sbr	 to try, to examine, to elicit something’s true or real condition	Arabic
1818	piṭrā	eine Schwammart, etwa Morchel (a type of sponge, such as morel)	Hebrew
1818	fuṭr-	mushroom	Arabic
1823	pḳd	to deposit	Hebrew
1823	pḳd	 (hip.) to entrust	Hebrew
1823	pḳd	 to appoint	Hebrew
1823	pḳd	 to attend to	Hebrew
1823	pḳd	 to pass in review, to muster	Hebrew
1823	pḳd	 to pass in review	Hebrew
1823	pḳd	 to seek (with interest, desire)	Hebrew
1823	pḳd	 to seek in vain, to miss, to lack	Hebrew
1823	pḳd	 to visit	Hebrew
1823	fqd	to miss, to lose, not to find	Arabic
1823	fqd	visiter, examiner une chose, la considérer attentivement, y faire attention, en prendre soin (to visit, examine something, to consider it carefully, to pay attention to it, to take care of it)	Arabic
1827	pēšär	meaning, explanation	Hebrew
1827	fsr	to discover, to reveal, to render clear, to explain	Arabic
1828	prṣ	to make a split, a breach	Hebrew
1828	frḍ	to make a notch or incision	Arabic
1831	bətūlā	virgin	Hebrew
1831	batūl-	a virgin	Arabic
1831	batūl-	 a woman that withholds herself from men	Arabic
1832	bkr	(pi.) to bear firstfruits	Hebrew
1832	bikkūrīm	firstfruits	Hebrew
1832	bkr	to go forth early in the morning	Arabic
1834	bōṣ	silt	Hebrew
1834	bḍḍ	to flow by little and little	Arabic
1834	baḍaḍ-	little water	Arabic
1834	baḍīḍat-	rain little in quantity	Arabic
1834	baṣṣa l-māˀu	= rašaḥa 'to leak, to ooze (of water)'	Arabic
1837	brḳ	to flash	Hebrew
1837	brq	to appear (lightning)	Arabic
1837	brq	 to shine, to gleam, to glisten	Arabic
1839	maḳḳäbät	excavation	Hebrew
1839	maḳḳäbät	 hammer	Hebrew
1839	minqab-	an iron instrument for perforating	Arabic
1849	ḳīḳ	abnormally large membrum virile, abnormally large testicles	Hebrew
1849	ḳayyān	one having abnormally large testicles	Hebrew
1849	qīqat-	very thin pellicle under the eggshell	Arabic
1849	qīqiyy-	white of egg	Arabic
1852	ḳäräb	entrails, inward parts	Hebrew
1852	qurb-	flanks, from the hips to the lower abdomen	Arabic
1853	yšr	be straight, smooth, right	Hebrew
1853	ysr	to be gentle, easy	Arabic
1857	blm	to restrain	Hebrew
1857	blm	to be silent	Arabic
1862	ḳorḳəbān	the thick muscular stomach of birds, craw	Hebrew
1862	qa	stomach	Arabic
1862	urqab(b)-	stomach	Arabic
1864	ḳādōš	holy, consecrated	Hebrew
1864	qds	to sanctify, consecrate, purify	Arabic
1866	ˁäŝrīm	twenty	Hebrew
1866	ˁišrūna	twenty	Arabic
1867	maŝŝōr	a saw	Hebrew
1867	nsr	to saw, to plane	Hebrew
1867	wšr	to saw	Arabic
1871	ŝym	to lay down, set down, arrange, fix	Hebrew
1871	šym	to hide, to insert one thing into another, to impress	Arabic
1872	ˀḥz	to seize, to grasp	Hebrew
1872	ˀḫḏ	to take	Arabic
1880	skr	(nip.) to be obstructed	Hebrew
1880	skr	to dam, stop up	Arabic
1881	šbr	to shatter, smash	Hebrew
1881	ṯbr	to restrain	Arabic
1881	ṯbr	 to curse	Arabic
1881	ṯbr	 to destroy	Arabic
1881	ṯbr	 to perish	Arabic
1885	bōŝäm	balsam tree, balsam oil	Hebrew
1885	bašām-	the tree of the balsam of Mekkeh, amyris opobalsamum	Arabic
1886	bōsär	unripe fruit	Hebrew
1886	busr-	unripe dates	Arabic
1887	bzw	to despise	Hebrew
1887	bzw	to subdue, to overcome, to oppress	Arabic
1889	pḥz	to be insolent, undisciplined	Hebrew
1889	fḥz, fḫz	to consider oneself great	Arabic
1907	bṣˁ	to sever	Hebrew
1907	bṣˁ	 to make profit	Hebrew
1907	bäṣaˁ	severing, gain	Hebrew
1907	bḍˁ	to cut	Arabic
1907	baḍˁat-	a piece, a lump, a portion cut off	Arabic
1910	ḳəmāṣīm	handfuls	Hebrew
1910	qaṣāṣ-, quṣāṣ-, qiṣāṣ-	a place on the back of the head where the hair ends	Arabic
1910	qaṣāṣ-, quṣāṣ-, qiṣāṣ-	 area of the breast where the ribs meet	Arabic
1914	mətalləˁōt	jawbones (pl.)	Hebrew
1914	luγn-	conchal nerve of the ear	Arabic
1914	luγn-	 ear lobe	Arabic
1917	marpēḳ	elbow	Hebrew
1917	marfiq-, mirfaq-	elbow	Arabic
1933	nəbēlā	corpse, carcass	Hebrew
1933	nabīlat-	cadaver, carrion	Arabic
1934	nägäd	that which is opposite, that which corresponds	Hebrew
1934	nägäd	 in front of, before	Hebrew
1934	naǯd-	udder	Arabic
1939	brḥ	to run away, to flee	Hebrew
1939	brḥ	to go away, to depart, to withdraw	Arabic
1939	brḥ	 to cease to do something	Arabic
1941	bṭḥ	to be confident	Hebrew
1941	bṭḥ	to spread, to expand, to extend	Arabic
1941	bṭḥ	 to throw somebody down upon his face	Arabic
1941	bṭḥ	to lie, to stretch oneself	Arabic
1949	pˀy	(hip.) to strike down, to wipe out	Hebrew
1949	fˀw	to split, to cleave	Arabic
1954	pgˁ	to meet someone	Hebrew
1954	pgˁ	 to fall upon someone, to assault someone	Hebrew
1954	fǯˁ	to pain, to afflict, to distress	Arabic
1977	sīṭ	the distance between the tip of the thumb and that of the index finger when held apart, or between the root of the thumb and the tip of the index finger when the former is leaning against the latter	Hebrew
1977	sinṭ-	wrist, bone that joins the forearm with the hand	Arabic
1979	sälaˁ	scales on the bodies of serpents	Hebrew
1979	sulaˁ-	leprosy	Arabic
1979	ˀaslaˁ-	leper, who has scaly skin	Arabic
1980	šalpūḥīt	womb	Hebrew
1980	šalpūḥīt	 the (bladderlike) gullet of a bird	Hebrew
1980	šafallāḥ-	natural female parts of body, highly developed and thick	Arabic
1980	šafallāḥ-	 woman whose vagina is very ample, thick	Arabic
1980	šafallāḥ-	 man who has big buttocks, or thick lips	Arabic
1981	ˁăpar ha-ttīḥūaḥ	crushed, loose earth	Hebrew
1981	tḫḫ	to become sour	Arabic
1981	tḫḫ	 to become soft by reason of too much water	Arabic
1983	dbḳ	to stick, to cling	Hebrew
1983	dbq	to stick	Arabic
1985	ləˀōm	nation	Hebrew
1985	lˀm	to put together	Arabic
1985	liˀm-	agreement, concord	Arabic
1987	dḥp	to push away	Hebrew
1987	dhf	to push, to strike	Arabic
1989	dwš	to thresh	Hebrew
1989	dwš	 to trample down	Hebrew
1989	dws	to tread, to trample	Arabic
1989	dws	 to thresh	Arabic
1991	dyn	to pleade one’s cause	Hebrew
1991	dīn-	a particular law, a statute, an ordinance, a law	Arabic
1996	ˀāgēm	grieved	Hebrew
1996	wǯm	to be very sad	Arabic
1997	ygy	(hip.) to torment, to grieve	Hebrew
1997	wǯˀ	to beat, to smite	Arabic
1999	nwp	(hip.) to move to and fro, to brandish	Hebrew
1999	nwf	to overlook, to overtop	Arabic
2004	dḳḳ	to crush	Hebrew
2004	dḳḳ	 to become fine through grinding	Hebrew
2004	dqq	to break, to crush	Arabic
2004	dqq	 to knock	Arabic
2004	dqq	 to be thin, slender, small, minute, fine	Arabic
2007	sbˀ	to tipple	Hebrew
2007	sbˀ	to buy wine in order to resell it	Arabic
2010	mō(ˀ)zənayim	balances	Hebrew
2010	wzn	be heavy	Arabic
2012	ṣwḥ	to shout loudly	Hebrew
2012	ṣyḥ	to cry out loud	Arabic
2018	nṣr	to watch over, to protect	Hebrew
2018	nṣr	 to observe	Hebrew
2018	nḏ̣r	to look at	Arabic
2020	dwr	to stack in circles	Hebrew
2020	dwr	 to stay permanently in one place, to dwell	Hebrew
2020	dwr	to go round, to circle	Arabic
2020	dwr	 to return	Arabic
2021	ṣmd	to tighten, harness	Hebrew
2021	ḍmd	to bandage the head	Arabic
2023	dōr	dwellingplace	Hebrew
2023	dār-	house	Arabic
2030	šḳl	to carry weigh, to weigh	Hebrew
2030	ṯql	to be heavy	Arabic
2031	ksy	to cover	Hebrew
2031	ksw	to clothe	Arabic
2036	šūmā	mark, mole, wart	Hebrew
2036	šāmat-	mole	Arabic
2036	šāmat-	 sign (any black sign seen on earth)	Arabic
2039	zubbān	the bag which contains a male animal's member	Hebrew
2039	zubb-	verge, penis (of the man or of another male being)	Arabic
2039	zubb-	 tip of the beard	Arabic
2039	zubb-	 nose	Arabic
2040	zkr	to mention, to remember	Hebrew
2040	ḏkr	to remember	Arabic
2042	dwk	to pound in a mortar	Hebrew
2042	dwk	to bruise, to pound, to pulverize	Arabic
2045	raḳḳā	thinness	Hebrew
2045	rqq	to be thin	Arabic
2046	rpḳ	(hitp.) to lean against	Hebrew
2046	rfq	to support oneself	Arabic
2049	ḳəˁārā	dish, bowl	Hebrew
2049	qˁr	to be deep, to have a deep bottom (a well)	Arabic
2057	gay(ˀ)	valley	Hebrew
2057	ǯiwāˀ-	a low, depressed part of the ground, a wide part of the ground	Arabic
2071	zˁzˁ	to make tremble, to scare	Hebrew
2071	zwˁ	to tremble	Hebrew
2071	zˁzˁ	to move, to agitate, to shake	Arabic
2075	ṣəbī	ornament, splendor	Hebrew
2075	ṣabiyy-	a youth	Arabic
2075	ṣbw	to manifest passionate love or desire	Arabic
2080	ˁḳd	to truss together the legs of an animal for sacrifice	Hebrew
2080	ˁqd	to tie	Arabic
2080	ˁqd	 to ratify a contract	Arabic
2083	ˁlp	(pu.) to be covered (with precious stones)	Hebrew
2083	ˁlp	 to fall into a swoon, (hitpa.) to wrap oneself up	Hebrew
2083	ˁlp	 to become faint	Hebrew
2083	γlf	to put in a sheath	Arabic
2095	ˁōl	yoke	Hebrew
2095	γll	to put a ring or a collar of iron upon the neck or manacle on the hand	Arabic
2095	γull-	a ring or collar of iron, which is put upon the neck	Arabic
2101	šāḥōr	black	Hebrew
2101	saḥar-	whiteness overspreading blackness	Arabic
2131	grr	to drag away	Hebrew
2131	ǯrr	to drag, to draw, to pull	Arabic
2137	zimrā	strength	Hebrew
2137	ḏimr, ḏamīr	brave	Arabic
2141	šōṭēr	civil servant, office holder, administrator	Hebrew
2141	sṭr	to write	Arabic
2146	tḳn	to make straight	Hebrew
2146	tqn	to bring to perfection	Arabic
2147	ḥšb	to weave	Hebrew
2147	ḥšb	 to respect	Hebrew
2147	ḥšb	 to assume, reckon, plan	Hebrew
2147	ḥsb	(a) to count	Arabic
2147	ḥsb	 (i) to think, believe	Arabic
